time,p0,p1,p2,p3,p4,p5,p6,p7,p8,p9,p99,total_downwards_force,xdisp,ydisp
0.0013225,0.48638466506879,0.48638457375048,0.4863839581916,0.48638052016512,0.48636137238294,0.48625540645206,0.48566083870332,0.482414117627,0.46398971170493,0.35785658430109,-2.7811043358335e-16,0.99636124127512,0.24000527149731,-0.04242355560375
0.0020113571875,0.48992328138438,0.48992308127199,0.489921732876,0.48991419899266,0.48987225397715,0.48963984809939,0.48834767131854,0.48097424439778,0.44286889481003,0.30242260184957,-2.3502957501831e-16,0.99962695240706,0.2390959017112,-0.042732206658277
0.0030590228625391,0.4919722809104,0.4919715508047,0.49196663204314,0.49193916077098,0.49178689503923,0.49095668013092,0.48672565172517,0.46826637334757,0.40548997143147,0.25199799030555,-1.9584177969754e-16,0.99884922365419,0.2367899856119,-0.042910949684845
0.0046523913960641,0.49508572400036,0.49507935073429,0.49503947784392,0.49484501861876,0.49397368395585,0.490476009924,0.4783262004252,0.4430860393365,0.36064495055593,0.20993365849705,-1.6315122691505e-16,0.99908004166441,0.23422540631322,-0.043182795485376
0.007075705764489,0.49900458742605,0.49892799477725,0.49856186540297,0.49732171022562,0.49354942772038,0.48325790328537,0.45846836573831,0.40663451036098,0.31405742307798,0.17476165892884,-1.3581709229514e-16,0.9995737443892,0.23107753495953,-0.043530496133756
0.010761264004567,0.50280300983343,0.50230892007136,0.50042114811355,0.49574693037204,0.48543284502632,0.46463142054321,0.42645743321422,0.36322120003182,0.2693809304539,0.14538071419288,-1.1298351136337e-16,0.99946058856559,0.22696660497571,-0.043934045411864
0.016366537392946,0.50390680422125,0.50227532005569,0.49681146862202,0.48578706508705,0.46632198518614,0.43458772032402,0.38641158076255,0.3183758507419,0.22923202803708,0.12112482987269,-9.4132902484924e-17,0.99997704483625,0.22195942272348,-0.0444691940575
0.024891457557497,0.49393558487015,0.49072876939629,0.48069557070305,0.46265654531547,0.43486466314858,0.39535231813719,0.34241479933701,0.27516783907417,0.19405378223701,0.10113111098267,-7.8594661543221e-17,1.0000719588838,0.21551972451179,-0.045119491484685
0.037856795512758,0.46395354467399,0.45963554953463,0.44654112560929,0.42428097622165,0.39233778714666,0.35024985659116,0.29782500194575,0.23534486207997,0.16371578006464,0.084527917418586,-6.569138809921e-17,1.0009378882845,0.20753284034041,-0.045975908535888
0.057575453875466,0.40872819296019,0.40427512897055,0.39093643865076,0.3687739739266,0.33792418641777,0.29864952519792,0.25139477539029,0.19683606289657,0.13591089045648,0.069820436884219,-5.4261379632773e-17,1.0017368782261,0.19737816963514,-0.047044641606368
0.086143537750304,0.33414211649893,0.33030189626378,0.31884272149634,0.29994125185578,0.27389181535613,0.24111247937077,0.20215081179974,0.15768704284533,0.10853254172049,0.055622160947743,-4.3227102634513e-17,1.0024477748796,0.18538339421514,-0.048291512259642
0.1161435377503,0.26881386848165,0.26568142962217,0.25634217943349,0.24096366172425,0.21982048254696,0.19329238805211,0.1618612280612,0.12610635550709,0.08669802259768,0.04438840740778,-3.4496722351392e-17,1.0028275644735,0.17521980816344,-0.049333190160179
0.1461435377503,0.2157756072347,0.21324847681475,0.20571565412388,0.19331812278881,0.17628659505591,0.15493854433827,0.12967407173598,0.10097048296307,0.069375419687886,0.035498337026893,-2.7587749772213e-17,1.0029106727076,0.1670073473625,-0.050159976794986
0.1761435377503,0.17298830757305,0.17095653318913,0.1649008459148,0.15493690391137,0.14125407219366,0.12411256852562,0.10383953085556,0.08082396356064,0.055510499596653,0.028391881987869,-2.2064924766761e-17,1.0028125530002,0.16037764338679,-0.050816405874115
0.2061435377503,0.13855818359857,0.13692745366835,0.1320673725326,0.12407203287146,0.1130956042721,0.099349811843992,0.083100463521314,0.064663011796305,0.044397125902699,0.022700237069771,-1.7641628101516e-17,1.0026120817567,0.15503326402168,-0.051337479072544
0.2361435377503,0.11086468271527,0.10955744561016,0.10566166996258,0.099253621193,0.090458352943652,0.079447568986782,0.066436684319298,0.051681095404511,0.035471674502248,0.018129516394128,-1.4089464568256e-17,1.0022985578685,0.15071652719121,-0.051748251161182
0.2661435377503,0.08864877923258,0.087601913668394,0.084482212061672,0.079351285101318,0.072310215628675,0.063497771512287,0.053087957525777,0.041286934584435,0.028329350130257,0.014474150843145,-1.124867486957e-17,1.0019930502201,0.14724898186628,-0.052074638515643
0.2961435377503,0.070846433479609,0.070008753327354,0.067512514116625,0.063407362920196,0.05777479290354,0.050726667154645,0.042403202745364,0.032970452255707,0.022617340686437,0.011552349807806,-8.9779793216052e-18,1.001711676038,0.14446707662166,-0.052334070759467
0.3261435377503,0.056592737590003,0.055922937555029,0.05392703087791,0.050644958131832,0.046142301101991,0.040509064134383,0.03385800622898,0.026322552146755,0.018054322808902,0.0092203420270512,-7.1656452093458e-18,1.0014596346532,0.14223750060638,-0.052540225596394
0.3561435377503,0.045188585952048,0.044653343586654,0.043058437130303,0.040435938979821,0.036838524896749,0.032338475520036,0.027026307643268,0.021009056163091,0.0144082323368,0.0073574865122527,-5.7179156504904e-18,1.0012373769308,0.14045159941457,-0.052703998544671
0.3861435377503,0.036069581960757,0.035642076219496,0.034368226810452,0.032273752849347,0.02940090427652,0.02580764878355,0.021566555589982,0.016763391085156,0.011495441297517,0.0058695698007826,-4.5615720762314e-18,1.0010437834538,0.13902184117788,-0.052834068129057
0.4161435377503,0.028781802667086,0.028440512813204,0.027423579882032,0.025751603085009,0.023458424538561,0.020590465875623,0.017205816423076,0.013373085208222,0.0091700297584861,0.0046819717817321,-3.638623010907e-18,1.0008770841427,0.1378779515595,-0.052937343824022
0.4461435377503,0.022960130028776,0.022687772982058,0.021876247984798,0.020542035719409,0.018712213762222,0.01642391792662,0.013723601156732,0.010666099879341,0.0073135188528278,0.0037339452014827,-2.9018583547623e-18,1.0007345006851,0.13696309303107,-0.053019324104591
0.4761435377503,0.018306393175424,0.01808912369496,0.017441749008799,0.016377451703871,0.014917893866447,0.013092784904078,0.010939287758825,0.0085012731292255,0.0058284338622178,0.002975274909423,-2.3122530963217e-18,1.0006033252177,0.13622937216766,-0.053083951156798
0.5061435377503,0.014592520959072,0.014419253519371,0.013902992934766,0.013054274227389,0.011890410724358,0.010435147820577,0.0087181886157545,0.0067746012546913,0.0046441213756553,0.0023703680768419,-1.8421460510224e-18,1.0004946645995,0.13564342365651,-0.053135301964303
0.5361435377503,0.011629836388114,0.011491694902815,0.011080098003786,0.010403459361114,0.0094756074268426,0.0083155087692354,0.0069468900522148,0.0053977680927092,0.0036999014340114,0.001888182678244,-1.4674127188594e-18,1.0004053641104,0.13517571874166,-0.053176119087317
0.5661435377503,0.0092670041637156,0.0091568988964777,0.0088288402518426,0.0082895464158558,0.0075500595725378,0.0066255236899294,0.0055348803707007,0.0043004895981334,0.0029476845974324,0.0015042729687114,-1.1690549396293e-18,1.0003320950035,0.13480253355048,-0.053208552993605
0.5961435377503,0.0073830605151765,0.0072953213791076,0.0070339047271678,0.0066041714506884,0.006014933078763,0.0052782736471155,0.0044093055628689,0.0034258643404956,0.0023481481594761,0.0011983087952979,-9.3127301060542e-19,1.000271983813,0.13450479241009,-0.053234319716706
0.6261435377503,0.0058812177495987,0.0058113140438963,0.0056030390534161,0.0052606688976781,0.0047912323059169,0.0042043680843936,0.0035121295105652,0.0027287390749005,0.0018702972049775,0.0009544477515571,-7.4175490870628e-19,1.0002226536883,0.13426726498367,-0.053254783774602
0.6561435377503,0.0046842351726279,0.004628553640951,0.0044626539643397,0.0041899455265162,0.0038160320985561,0.0033485972542775,0.0027972469443639,0.0021733118661093,0.0014896125220852,0.00076018949986793,-5.9078592008216e-19,1.0001822279052,0.13407782941571,-0.053271032347943
0.6861435377503,0.0037303972183963,0.0036860516004527,0.0035539271297352,0.0033367409511304,0.0030389588448853,0.0026667032740786,0.0022276269310043,0.0017307538155033,0.0011862901572985,0.00060540750783409,-4.7049614813484e-19,1.0001490904574,0.13392675647514,-0.053283930458283
