TIME(S)",Time_years,cs05rc B13 PRES,cs05rc B13 TEMP,SAT_G",SAT_L
1,3.1688087814028947E-8,29689400.499000002,125.99167792999999,0,1
3,9.5064263442086848E-8,29644622.355999999,125.99109926,0,1
7,2.2181661469820265E-7,29618339.721999999,125.99201823999999,0,1
15,4.7532131721043423E-7,29597250.715,125.99463455,0,1
31,9.8233072223489744E-7,29578446.905999999,125.99967622,0,1
63,1.9963495322838237E-6,29561423.193,126.00762044,0,1
127,4.0243871523816764E-6,29547381.561000001,126.01783786999999,0,1
255,8.0804623925773816E-6,29538481.645,126.02841038,0,1
511,1.6192612872968792E-5,29534938.351,126.03710457,0,1
1023,3.2416913833751613E-5,29534703.953000002,126.04304992,0,1
1535,4.8641214794534437E-5,29535445.714000002,126.04586745,0,1
2559,8.1089816716100086E-5,29537317.204999998,126.04871573,0,1
3583,1.1353841863766573E-4,29539231.625,126.05058757,0,1
5631,1.7843562248079701E-4,29543020.125999998,126.05294703,0,1
9727,3.082300301670596E-4,29550525.500999998,126.05579965,0,1
17919,5.6781884553958474E-4,29565486.800999999,126.05915016,0,1
26111,8.2740766091210993E-4,29580506.875,126.06150855,0,1
42495,1.3465852916571602E-3,29610445.715999998,126.06475669,0,1
75263,2.384940553147261E-3,29670261.826000001,126.06934219,0,1
86400,2.7378507871321013E-3,29690848.502,126.07076589,0,1
108674,3.4436712551017823E-3,29731877.506000001,126.07327635,0,1
153222,4.8553121910411435E-3,29813569.478999998,126.07761025000001,0,1
242318,7.6785940629198668E-3,29975958.346999999,126.08504033,0,1
420510,1.3325157806677314E-2,30297502.515000001,126.09829238,0,1
598702,1.8971721550434761E-2,30618128.283,126.11246174,0,1
687798,2.1795003422313483E-2,30778957.576000001,126.12015885,0,1
865990,2.7441567166070931E-2,31096495.945,126.14347873,0,1
1222374,3.8734694653585824E-2,31718366.416999999,126.32779856000001,0,1
1935142,6.1320949628615611E-2,32895828.785,128.07106142999999,0,1
2592000,8.2135523613963035E-2,33909350.208999999,131.03425142,0,1
3304768,0.10472177858899283,34895308.310999997,135.44786167000001,0,1
4017536,0.12730803356402262,35756069.766999997,140.40603189000001,0,1
5443072,0.17248054351408218,37026525.912,149.28682205000001,0,1
6868608,0.21765305346414177,37954141.887000002,156.1668502,0,1
7889400,0.25,38479184.072999999,160.06496055,0,1
7911674,0.25070582046796969,38810173.913000003,152.31642273,0,1
7933948,0.25141164093593937,38806284.965999998,149.64259949000001,0,1
7978496,0.25282328187187875,38798367.794,148.15108862,0,1
8067592,0.25564656374375744,38783219.817000002,147.35510189999999,0,1
8245784,0.26129312748751488,38754852.152000003,146.94222253999999,0,1
8602168,0.27258625497502981,38703127.376000002,146.76524817999999,0,1
8958552,0.28387938246254468,38655109.071999997,146.7337081,0,1
9314936,0.29517250995005956,38609951.803999998,146.74635205999999,0,1
10027704,0.31775876492508937,38527472.465000004,146.80838123000001,0,1
11453240,0.36293127487514892,38382165.210000001,146.93294187000001,0,1
14304312,0.4532762947752681,38136090.799999997,147.11091187,0,1
15778800,0.5,38018215.718000002,147.18559042000001,0,1
15778821.752,0.50000068927928609,37727230.902999997,149.75700178,0,1
15778843.504000001,0.5000013785585723,37706577.120999999,151.76558327999999,0,1
15778887.007999999,0.50000275711714448,37693135.839000002,154.26306183,0,1
15778974.016000001,0.50000551423428907,37684113.022,156.39008670000001,0,1
15779148.030999999,0.50001102843688994,37679048.990999997,157.17411444999999,0,1
15779496.062000001,0.50002205687377999,37676361.123000003,156.78116709,0,1
15780192.125,0.50004411377924807,37674517.226000004,156.27887788999999,0,1
15780888.187999999,0.50006617068471615,37673354.066,156.11790593000001,0,1
15781584.25,0.50008822755849625,37672381.836000003,156.07238598000001,0,1
15782280.312000001,0.50011028443227623,37671481.262999997,156.05957666,0,1
15783672.437999999,0.50015439824321239,37669765.230999999,156.05636243000001,0,1
15786456.687999999,0.50024262580170864,37666415.862000003,156.06237687999999,0,1
15792025.187999999,0.50041908091870102,37659765.365999997,156.08321731999999,0,1
15803162.187999999,0.50077199115268589,37646474.520000003,156.13199961000001,0,1
15825436.187999999,0.50147781162065552,37619912.258000001,156.23290434,0,1
15869984.187999999,0.5028894525565949,37566982.892999999,156.42751344000001,0,1
15959080.187999999,0.50571273442847364,37461380.964000002,156.78237084,0,1
16137272.187999999,0.51135929817223102,37249437.097000003,157.40898007000001,0,1
16493656.187999999,0.52265242565974601,36820386.717,158.46283978,0,1
16850040.188000001,0.53394555314726089,36390268.898999996,159.3077638,0,1
17562808.188000001,0.55653180812229075,35536907.410999998,159.68680952,0,1
18988344.188000001,0.60170431807235025,34072978.413000003,155.87209644999999,0,1
20413880.188000001,0.64687682802240987,32936635.75,150.08917294,0,1
23264952.188000001,0.73722184792252898,31646105.554000001,140.54948019,0,1
23668200,0.75,31483751.598000001,139.26675086,0,1
23690474,0.75070582046796963,31864534.397,139.67039595,0,1
23712748,0.75141164093593937,31865436.017999999,139.78268940999999,0,1
23735022,0.752117461403909,31866031.664999999,139.81105482999999,0,1
23779570,0.75352910233984838,31867132.93,139.79920779,0,1
23868666,0.75635238421172712,31869117.758000001,139.73453846000001,0,1
24046858,0.76199894795548462,31872390.662999999,139.59967447,0,1
24403242,0.77329207544299949,31877012.318,139.37882966999999,0,1
25116010,0.79587833041802925,31881981.039000001,139.06389768,0,1
26541546,0.84105084036808886,31884559.346999999,138.64369676000001,0,1
27967082,0.88622335031814836,31883648.903000001,138.32192143,0,1
30818154,0.97656837021826759,31876569.081999999,137.83769973,0,1
31557600,1,31874523.715999998,137.72017188000001,0,1
31557643.504000001,1.0000013785585722,31537331.822000001,137.99302541,0,1
31557687.008000001,1.0000027571171446,31515461.065000001,138.18450439,0,1
31557774.015999999,1.000005514234289,31502951.885000002,138.40810558999999,0,1
31557948.030999999,1.0000110284368899,31496804.785999998,138.58618802000001,0,1
31558296.061999999,1.0000220568737799,31495030.820999999,138.65064959,0,1
31558644.094000001,1.000033085342358,31495025.609999999,138.65240589000001,0,1
31558992.125,1.0000441137792482,31495388.789000001,138.64631482999999,0,1
31559688.188000001,1.0000661706847163,31496337.815000001,138.63947959000001,0,1
31561080.311999999,1.0001102844322762,31498308.881000001,138.63303654000001,0,1
31563864.561999999,1.0001985119907724,31502212.923,138.62302849,0,1
31569433.061999999,1.0003749671077649,31509968.805,138.60461536,0,1
31580570.061999999,1.0007278773417496,31525471.581999999,138.57050165999999,0,1
31591707.061999999,1.0010807875757346,31541078.539999999,138.53760647999999,0,1
31613981.061999999,1.0017866080437041,31572263.679000001,138.47323933000001,0,1
31658529.061999999,1.0031982489796436,31634839.309,138.34775225999999,0,1
31747625.061999999,1.0060215308515223,31760609.890000001,138.10935857999999,0,1
31836721.061999999,1.0088448127234011,31887767.721999999,137.88145055000001,0,1
32014913.061999999,1.0144913764671584,32142017.627,137.45488800000001,0,1
32104009.061999999,1.0173146583390371,32270809.249000002,137.24809862999999,0,1
32282201.061999999,1.0229612220827946,32527486.952,136.85758078999999,0,1
32371297.061999999,1.0257845039546734,32656823.730999999,136.66823004,0,1
32549489.061999999,1.0314310676984308,32914678.482999999,136.31751141999999,0,1
32905873.061999999,1.0427241951859456,33428120.506000001,135.83316481,0,1
33618641.061999999,1.0653104501609754,34421361.251000002,136.46491692999999,0,1
34331409.061999999,1.0878967051360053,35351931.097999997,138.78428901000001,0,1
35044177.061999999,1.1104829601110351,36190327.545000002,142.32706159,0,1
35756945.061999999,1.1330692150860648,36922878.898000002,146.44295382000001,0,1
36469713.061999999,1.1556554700610946,37549262.626999997,150.58394877999999,0,1
37182481.061999999,1.1782417250361243,38077685.052000001,154.40749742,0,1
38608017.061999999,1.2234142349861841,38838283.803999998,160.17023728000001,0,1
39447000,1.25,39204062.452,162.93207648000001,0,1
39469274,1.2507058204679697,39530915.780000001,156.47252096,0,1
39491548,1.2514116409359393,39527644.491999999,154.23809073000001,0,1
39513822,1.252117461403909,39524248.243000001,153.32097686,0,1
39558370,1.2535291023398485,39517627.520000003,152.65580901000001,0,1
39647466,1.2563523842117272,39504941.993000001,152.20646178999999,0,1
39825658,1.2619989479554845,39481149.417999998,151.93357348000001,0,1
40182042,1.2732920754429995,39437746.255999997,151.80081967000001,0,1
40538426,1.2845852029305143,39397433.020999998,151.77001675,0,1
41251194,1.3071714579055442,39324644.303000003,151.78552608000001,0,1
42676730,1.3523439678556037,39196625.963,151.83825100000001,0,1
45527802,1.442688987755723,38975938.204000004,151.88548483,0,1
47336400,1.5,38846157.126999997,151.89410853000001,0,1
47336421.751999997,1.5000006892792861,38560052.494000003,154.14754453,0,1
47336443.504000001,1.5000013785585722,38539690.928000003,155.89907248,0,1
47336487.008000001,1.5000027571171446,38526418.350000001,158.05580874,0,1
47336574.016000003,1.5000055142342892,38517545.564000003,159.86074873000001,0,1
47336748.031000003,1.5000110284368902,38512645.096000001,160.49576350000001,0,1
47337096.061999999,1.5000220568737799,38510092.420000002,160.14308528000001,0,1
47337792.125,1.5000441137792482,38508272.299000002,159.71868211,0,1
47338488.188000001,1.5000661706847163,38507058.928999998,159.58627322000001,0,1
47339184.25,1.5000882275584961,38506015.501000002,159.55022808999999,0,1
47339880.311999999,1.5001102844322762,38505037.506999999,159.54093850999999,0,1
47341272.438000001,1.5001543982432124,38503160.943999998,159.54009665999999,0,1
47344056.688000001,1.5002426258017088,38499484.691,159.54764352999999,0,1
47349625.188000001,1.500419080918701,38492172.729999997,159.56861986999999,0,1
47360762.188000001,1.500771991152686,38477551.428999998,159.61435374999999,0,1
47383036.188000001,1.5014778116206555,38448332.416000001,159.70556299,0,1
47427584.188000001,1.502889452556595,38390146.516000003,159.87778574000001,0,1
47516680.188000001,1.5057127344284738,38274261.924000002,160.18731271999999,0,1
47694872.188000001,1.511359298172231,38042521.575000003,160.72715682,0,1
48051256.188000001,1.522652425659746,37576347.258000001,161.62069797000001,0,1
48229448.188000001,1.5282989894035035,37345733.563000001,162.02518986000001,0,1
48585832.188000001,1.5395921168910183,36880330.256999999,162.60978896,0,1
49298600.188000001,1.5621783718660482,35970438.839000002,162.38460646999999,0,1
49654984.188000001,1.573471499353563,35529518.875,161.88987442999999,0,1
50367752.188000001,1.5960577543285928,34716104.086000003,159.54777935000001,0,1
51793288.188000001,1.6412302642786525,33456664.528999999,152.80668521000001,0,1
54644360.188000001,1.7315752841787715,32036235.414000001,142.16500948999999,0,1
55225800,1.75,31790122.671999998,140.17876003999999,0,1
55248074,1.7507058204679697,32169056.260000002,141.48021026000001,0,1
55270348,1.7514116409359393,32170179.942000002,141.89380847999999,0,1
55292622,1.752117461403909,32171011.844999999,142.04087390999999,0,1
55314896,1.7528232818718787,32171818.691,142.09848873000001,0,1
55359444,1.754234922807818,32173367.107000001,142.12037305999999,0,1
55448540,1.7570582046796968,32176223.377999999,142.08414088999999,0,1
55626732,1.7627047684234542,32181145.554000001,141.96770645000001,0,1
55983116,1.7739978959109692,32188749.702,141.75473205,0,1
56695884,1.796584150885999,32198751.719000001,141.43721310000001,0,1
58121420,1.8417566608360585,32209171.649,141.00321027999999,0,1
59546956,1.886929170786118,32214764.085999999,140.66709245999999,0,1
62398028,1.9772741906862372,32218253.375,140.15809866999999,0,1
63115200,2,32218826.945,140.03784112,0,1
63115243.504000001,2.0000013785585722,31884045.267999999,139.73950414999999,0,1
63115287.008000001,2.0000027571171444,31862357.170000002,139.60826028,0,1
63115374.016000003,2.0000055142342892,31850043.951000001,139.62118909,0,1
63115548.031000003,2.0000110284368899,31844121.579,139.80210686000001,0,1
63115896.061999999,2.0000220568737799,31842512.581999999,139.98397790000001,0,1
63116244.093999997,2.0000330853423578,31842557.287999999,140.04870442999999,0,1
63116592.125,2.0000441137792482,31842926.293000001,140.06841729999999,0,1
63117288.188000001,2.000066170684716,31843846.993000001,140.07249935999999,0,1
63118680.311999999,2.0001102844322762,31845744.318,140.06611771999999,0,1
63121464.561999999,2.0001985119907726,31849503.462000001,140.05102883000001,0,1
63127033.061999999,2.0003749671077649,31856982.348999999,140.02428556999999,0,1
63138170.061999999,2.0007278773417498,31871947.745000001,139.97834075,0,1
63160444.061999999,2.0014336978097194,31901946.712000001,139.89627483000001,0,1
63204992.061999999,2.0028453387456588,31962314.136999998,139.74468198,0,1
63294088.061999999,2.0056686206175374,32084017.442000002,139.4666541,0,1
63472280.061999999,2.0113151843612949,32329403.497000001,138.96641837000001,0,1
63561376.061999999,2.0141384662331734,32454375.195,138.72720036000001,0,1
63739568.061999999,2.0197850299769309,32703789.48,138.28059927000001,0,1
63828664.061999999,2.0226083118488098,32829719.006999999,138.06468575,0,1
64006856.061999999,2.0282548755925673,33080978.896000002,137.66205134,0,1
64363240.061999999,2.0395480030800819,33582624.259000003,137.05144207999999,0,1
64541432.061999999,2.0451945668238394,33835505.026000001,136.80896745999999,0,1
64897816.061999999,2.0564876943113544,34335851.902999997,136.70201750000001,0,1
65610584.061999999,2.0790739492863843,35281796.026000001,138.33551120999999,0,1
66323352.061999999,2.1016602042614139,36146037.420999996,141.47108861999999,0,1
67036120.061999999,2.1242464592364438,36908344.629000001,145.44027818999999,0,1
67748888.062000006,2.1468327142114738,37563889.122000001,149.61235529999999,0,1
68461656.062000006,2.1694189691865038,38118472.850000001,153.56040811,0,1
69174424.062000006,2.1920052241615333,38583442.501000002,157.06645918999999,0,1
70599960.062000006,2.2371777341115928,39251609.548,162.17903348999999,0,1
71004600,2.25,39423123.247000001,163.48319881,0,1
71026874,2.2507058204679695,39749261.612999998,157.62444631,0,1
71049148,2.2514116409359395,39746165.550999999,155.59836910000001,0,1
71071422,2.252117461403909,39742942.994000003,154.76779110999999,0,1
71115970,2.2535291023398485,39736665.593000002,154.16770553000001,0,1
71205066,2.256352384211727,39724656.932999998,153.76689586000001,0,1
71383258,2.2619989479554845,39702201.327,153.53177688,0,1
71739642,2.2732920754429995,39661466.174999997,153.43112163000001,0,1
72096026,2.2845852029305145,39623834.548,153.41898151000001,0,1
72808794,2.307171457905544,39556503.811999999,153.45521085999999,0,1
74234330,2.3523439678556035,39439530.608000003,153.52927303999999,0,1
77085402,2.442688987755723,39239827.122000001,153.59431873,0,1
78894000,2.5,39122633.681000002,153.60874803999999,0,1
78894021.752000004,2.5000006892792861,38837798.689999998,155.66816162000001,0,1
78894043.503999993,2.5000013785585722,38817481.490999997,157.26683245000001,0,1
78894087.008000001,2.5000027571171444,38804221.375,159.22584294999999,0,1
78894174.016000003,2.5000055142342892,38795360.155000001,160.84190303,0,1
78894348.031000003,2.5000110284368899,38790485.588,161.36907685,0,1
78894696.062000006,2.5000220568737803,38787965.229999997,161.00073445000001,0,1
78895392.125,2.5000441137792482,38786156.866999999,160.59206816,0,1
78896088.187999994,2.500066170684716,38784935.557999998,160.46628425,0,1
78896784.25,2.5000882275584964,38783877.739,160.43177883000001,0,1
78897480.312000006,2.5001102844322762,38782883.206,160.42238449000001,0,1
78898872.437999994,2.5001543982432124,38780971.479000002,160.42035507,0,1
78901656.687999994,2.5002426258017083,38777223.596000001,160.42563466999999,0,1
78907225.187999994,2.500419080918701,38769768.164999999,160.44317649999999,0,1
78918362.187999994,2.5007719911526856,38754862.626999997,160.48400957000001,0,1
78940636.187999994,2.5014778116206555,38725084.792000003,160.56821117000001,0,1
78985184.187999994,2.5028894525565946,38665811.001000002,160.73025899999999,0,1
79074280.187999994,2.5057127344284735,38547833.538000003,161.02497030000001,0,1
79252472.187999994,2.511359298172231,38312127.707999997,161.54300429,0,1
79608856.187999994,2.5226524256597456,37838617.034999996,162.40397887,0,1
79787048.187999994,2.5282989894035031,37604499.251000002,162.79399538000001,0,1
80143432.187999994,2.539592116891018,37132461.600000001,163.35455293000001,0,1
80856200.187999994,2.562178371866048,36210454.517999999,163.09269853999999,0,1
81212584.187999994,2.573471499353563,35763791.559,162.58158191000001,0,1
81925352.187999994,2.5960577543285925,34939811.256999999,160.20890627,0,1
83350888.187999994,2.641230264278652,33662736.941,153.40606471000001,0,1
84776424.187999994,2.6864027742287115,32732022.73,146.86357344000001,0,1
86783400,2.75,31899493.745999999,140.08890718000001,0,1
86827948,2.7514116409359395,32279949.592,142.28705391,0,1
86872496,2.7528232818718785,32282044.721000001,142.73915728,0,1
86917044,2.754234922807818,32283936.771000002,142.84789905,0,1
87006140,2.757058204679697,32287470.495000001,142.85438255,0,1
87184332,2.7627047684234545,32293708.048,142.76030632999999,0,1
87540716,2.773997895910969,32303791.614999998,142.56099534000001,0,1
88253484,2.796584150885999,32318232.719999999,142.25429932,0,1
89679020,2.8417566608360585,32336014.083000001,141.83205104999999,0,1
92530092,2.9321016807361775,32354508.993000001,141.25990636,0,1
94672800,3,32363640.050000001,140.90783963999999,0,1
94672843.503999993,3.0000013785585722,32029114.405000001,140.23319935000001,0,1
94672887.008000001,3.0000027571171444,32007449.872000001,139.89085181999999,0,1
94672974.016000003,3.0000055142342892,31995202.436000001,139.76464064000001,0,1
94673148.031000003,3.0000110284368899,31989388.318999998,139.94157035000001,0,1
94673496.062000006,3.0000220568737803,31987876.245999999,140.19415481999999,0,1
94673844.093999997,3.0000330853423578,31987957.699999999,140.29821064000001,0,1
94674192.125,3.0000441137792482,31988338.465999998,140.33452442999999,0,1
94674888.187999994,3.000066170684716,31989259.111000001,140.34607534,0,1
94676280.312000006,3.0001102844322762,31991144.219000001,140.34041597999999,0,1
94679064.562000006,3.0001985119907726,31994878.761999998,140.32316155000001,0,1
94684633.062000006,3.0003749671077649,32002315.715,140.29292530000001,0,1
94695770.062000006,3.0007278773417498,32017205.210000001,140.24254389999999,0,1
94706907.062000006,3.0010807875757348,32032210.138999999,140.19702305000001,0,1
94729181.062000006,3.0017866080437043,32062219.780000001,140.11342317,0,1
94773729.062000006,3.0031982489796438,32122513.230999999,139.95907464000001,0,1
94862825.062000006,3.0060215308515223,32243902.642999999,139.67859057999999,0,1
95041017.062000006,3.0116680945952798,32488485.359000001,139.17802599000001,0,1
95397401.062000006,3.0229612220827948,32981654.201000001,138.32873247000001,0,1
95753785.062000006,3.0342543495703098,33480689.179000001,137.65734965999999,0,1
96466553.062000006,3.0568406045453393,34458395.490000002,137.62458763999999,0,1
97179321.062000006,3.0794268595203693,35390220.435000002,139.18120881999999,0,1
97892089.062000006,3.1020131144953993,36243849.704000004,142.09705836000001,0,1
98604857.062000006,3.1245993694704288,37000197.675999999,145.83352905000001,0,1
99317625.062000006,3.1471856244454588,37653545.239,149.82904635,0,1
100030393.06,3.1697718793571124,38208243.255000003,153.66968227000001,0,1
101455929.06,3.2149443893071719,39009025.185000002,159.67111804999999,0,1
102562200,3.25,39488571.427000001,163.29208496000001,0,1
102606748,3.2514116409359395,39812013.737999998,156.661351,0,1
102651296,3.2528232818718785,39805876.902000003,155.10158346,0,1
102740392,3.2556465637437575,39794019.563000001,154.42546806999999,0,1
102918584,3.261293127487515,39771969.82,154.12694672000001,0,1
103096776,3.2669396912312725,39751212.516000003,154.03640521,0,1
103453160,3.278232818718787,39713326.932999998,154.0129105,0,1
103809544,3.289525946206302,39678225.024999999,154.03014425999999,0,1
104522312,3.312112201181332,39615354.739,154.08793439999999,0,1
105947848,3.3572847111313915,39506433.056000002,154.18072382,0,1
108798920,3.4476297310315105,39321634.361000001,154.26862589999999,0,1
110451600,3.5,39222344.365000002,154.29473966,0,1
110451621.75,3.5000006892159101,38937605.097000003,156.19343663999999,0,1
110451643.5,3.5000013784318198,38917262.267999999,157.66759490000001,0,1
110451687.01000001,3.5000027571805208,38903978.251000002,159.47131633999999,0,1
110451774.02,3.5000055143610411,38895107.039999999,160.95011674,0,1
110451948.03,3.500011028405202,38890246.353,161.41230782,0,1
110452296.06,3.5000220568104039,38887752.982000001,161.04621822999999,0,1
110452992.12,3.5000441136208078,38885964.722999997,160.65420097000001,0,1
110453688.19,3.5000661707480925,38884750.810000002,160.53393066999999,0,1
110454384.25,3.5000882275584964,38883696.490000002,160.50060361999999,0,1
110455080.31,3.5001102843689003,38882704.261,160.49116407,0,1
110456472.44,3.5001543983065884,38880796.126999997,160.48840614,0,1
110459256.69,3.5002426258650847,38877054.774999999,160.49234433999999,0,1
110464825.19,3.500419080982077,38869612.384999998,160.50793393999999,0,1
110475962.19,3.500771991216062,38854734.381999999,160.54616511,0,1
110498236.19,3.5014778116840315,38825015.960000001,160.62712257999999,0,1
110542784.19,3.502889452619971,38765871.590999998,160.78549828999999,0,1
110631880.19,3.5057127344918499,38648175.306999996,161.07687852000001,0,1
110810072.19,3.511359298235607,38413068.347999997,161.59391869000001,0,1
111166456.19,3.522652425723122,37940767.119999997,162.46094909999999,0,1
111344648.19,3.5282989894668795,37707251.490000002,162.85526229000001,0,1
111701032.19,3.5395921169543945,37236326.637999997,163.42727156999999,0,1
112413800.19,3.5621783719294244,36316027.884000003,163.19204176,0,1
112770184.19,3.573471499416939,35870071.784999996,162.69439460000001,0,1
113482952.19,3.596057754391969,35046976.097999997,160.34586067000001,0,1
114908488.19,3.6412302643420285,33770147.329999998,153.57551888,0,1
117759560.19,3.7315752842421475,32320849.862,142.85564970999999,0,1
118341000,3.75,32069127.577,140.85316365,0,1
118363274,3.7507058204679695,32446857.993000001,142.75862008999999,0,1
118385548,3.7514116409359395,32448268.824999999,143.37437438000001,0,1
118407822,3.752117461403909,32449391.282000002,143.60141988000001,0,1
118452370,3.7535291023398485,32451556.609999999,143.72560228,0,1
118541466,3.756352384211727,32455618.403999999,143.74654412999999,0,1
118719658,3.7619989479554845,32462844.916999999,143.66156000999999,0,1
119076042,3.7732920754429995,32474702.373,143.46929843000001,0,1
119788810,3.7958783304180295,32492147.822999999,143.17188625,0,1
121214346,3.841050840368089,32514647.497000001,142.76437931999999,0,1
124065418,3.931395860268208,32539853.030000001,142.21386953000001,0,1
126230400,4,32553131.254000001,141.87196716,0,1
126230443.5,4.0000013784318202,32220210.800999999,141.11654793,0,1
126230487.01000001,4.0000027571805212,32198669.868999999,140.73261676000001,0,1
126230574.02,4.0000055143610416,32186510.453000002,140.58217768,0,1
126230748.03,4.0000110284052024,32180757.859999999,140.76097849999999,0,1
126231096.06,4.0000220568104039,32179272.331999999,141.02849909,0,1
126231444.09,4.0000330852156063,32179355.024999999,141.14056479000001,0,1
126231792.12,4.0000441136208078,32179729.250999998,141.18018204000001,0,1
126232488.19,4.0000661707480925,32180630.037,141.19294389000001,0,1
126233880.31,4.0001102843689003,32182473.835999999,141.18680318,0,1
126236664.56,4.0001985119273966,32186127.41,141.16819237000001,0,1
126242233.06,4.0003749670443884,32193404.927000001,141.13600235000001,0,1
126253370.06,4.0007278772783739,32207980.243000001,141.08294882000001,0,1
126264507.06,4.0010807875123584,32222672.441,141.03529325,0,1
126275644.06,4.0014336977463429,32237432.811000001,140.99044562,0,1
126297918.06,4.0021395182143129,32266949.673,140.90602440999999,0,1
126342466.06,4.0035511591502519,32326191.594999999,140.74872685,0,1
126431562.06,4.0063744410221309,32445370.456,140.46158216000001,0,1
126520658.06,4.0091977228940099,32566015.572000001,140.19292279000001,0,1
126698850.06,4.0148442866377669,32807796.289000001,139.70017516999999,0,1
127055234.06,4.0261374141252819,33294154.853,138.85541875000001,0,1
127768002.06,4.0487236691003119,34262040.616999999,138.23926293,0,1
128480770.06,4.0713099240753419,35200390.126000002,139.13114883,0,1
129193538.06,4.0938961790503718,36073218.917999998,141.49619792999999,0,1
129906306.06,4.1164824340254009,36856344.005999997,144.89724901,0,1
130619074.06,4.1390686890004309,37539086.636,148.76731895,0,1
131331842.06,4.1616549439754609,38122198.090999998,152.63186202,0,1
132757378.06,4.2068274539255208,38966669.968999997,158.87155684000001,0,1
134119800,4.25,39558150.494000003,163.32377611999999,0,1
134142074,4.25070582046797,39884638.651000001,158.15605206000001,0,1
134164348,4.251411640935939,39881666.783,156.37082319999999,0,1
134186622,4.252117461403909,39878567.391999997,155.64078362999999,0,1
134231170,4.253529102339848,39872535.306000002,155.11679071,0,1
134320266,4.256352384211727,39861016.167999998,154.77322785999999,0,1
134498458,4.261998947955485,39839547.713,154.58319718000001,0,1
134676650,4.267645511699242,39819320.817000002,154.52371891999999,0,1
135033034,4.278938639186757,39782412.103,154.51952503999999,0,1
135389418,4.290231766674272,39748246.324000001,154.54605902,0,1
136102186,4.3128180216493019,39687214.813000001,154.613416,0,1
137527722,4.357990531599361,39582077.946000002,154.7176379,0,1
140378794,4.44833555149948,39405286.501000002,154.82174957000001,0,1
142009200,4.5,39311919.159000002,154.85592599,0,1
142009221.75,4.5000006892159101,39027432.593999997,156.65759206999999,0,1
142009243.5,4.5000013784318202,39007088.806000002,158.05650965999999,0,1
142009287.00999999,4.5000027571805203,38993799.491999999,159.76605541999999,0,1
142009374.02000001,4.5000055143610416,38984928.656000003,161.16085856000001,0,1
142009548.03,4.5000110284052024,38980079.855999999,161.58242963999999,0,1
142009896.06,4.5000220568104039,38977603.43,161.21706416999999,0,1
142010592.12,4.5000441136208078,38975824.777000003,160.83517807999999,0,1
142011288.19,4.5000661707480925,38974611.963,160.71838235999999,0,1
142011984.25,4.5000882275584964,38973556.200000003,160.68586375999999,0,1
142012680.31,4.5001102843689003,38972561.761,160.67645970000001,0,1
142014072.44,4.5001543983065888,38970648.520000003,160.67332604999999,0,1
142016856.69,4.5002426258650843,38966896.461000003,160.67649101999999,0,1
142022425.19,4.500419080982077,38959432.494999997,160.69085355000001,0,1
142033562.19,4.5007719912160624,38944512.103,160.72726053,0,1
142055836.19,4.5014778116840315,38914712.142999999,160.80555766000001,0,1
142100384.19,4.5028894526199714,38855414.827,160.96011394000001,0,1
142189480.19,4.5057127344918495,38737441.038000003,161.24621096000001,0,1
142367672.19,4.5113592982356074,38501854.526000001,161.75635292999999,0,1
142724056.19,4.5226524257231224,38028785.910999998,162.61532675000001,0,1
142902248.19,4.5282989894668795,37794927.759000003,163.00657519999999,0,1
143258632.19,4.5395921169543945,37323424.083999999,163.57498135,0,1
143971400.19,4.5621783719294244,36402200.579999998,163.33809658999999,0,1
144327784.19,4.5734714994169394,35955822.637000002,162.84053829999999,0,1
145040552.19,4.5960577543919685,35131985.936999999,160.49349598000001,0,1
145753320.19,4.6186440093669985,34401370.655000001,157.24651832000001,0,1
147178856.19,4.6638165193170584,33311527.375,150.21756687000001,0,1
149898600,4.75,32132571.750999998,140.87091520999999,0,1
149943148,4.751411640935939,32511738.907000002,143.40131443000001,0,1
149987696,4.752823281871879,32514264.385000002,143.92758599999999,0,1
150032244,4.754234922807818,32516586.333999999,144.05990976000001,0,1
150121340,4.757058204679697,32520962.809999999,144.08229152999999,0,1
150299532,4.762704768423454,32528823.506000001,144.00146075000001,0,1
150655916,4.773997895910969,32541942.776999999,143.81689546000001,0,1
151368684,4.796584150885999,32561802.401999999,143.52959161000001,0,1
152794220,4.8417566608360589,32588591.688999999,143.13449524000001,0,1
155645292,4.9321016807361779,32620678.545000002,142.60132016,0,1
157788000,5,32638291.243000001,142.27401664999999,0,1
157788043.5,5.0000013784318202,32305592.960999999,141.37340538000001,0,1
157788087.00999999,5.0000027571805203,32284070.392000001,140.90817010999999,0,1
157788174.02000001,5.0000055143610416,32271942.116,140.7034827,0,1
157788348.03,5.0000110284052024,32266234.600000001,140.87977321,0,1
157788696.06,5.0000220568104039,32264787.52,141.1744587,0,1
157789044.09,5.0000330852156063,32264884.260000002,141.30193094000001,0,1
157789392.12,5.0000441136208078,32265262.601,141.34810673999999,0,1
157790088.19,5.0000661707480925,32266162.414000001,141.36380890999999,0,1
157791480.31,5.0001102843689003,32267999.333000001,141.35790618999999,0,1
157794264.56,5.0001985119273966,32271639.967,141.33838451,0,1
157799833.06,5.0003749670443884,32278892.291000001,141.30478163999999,0,1
157810970.06,5.0007278772783739,32293420.780999999,141.24996849999999,0,1
157833244.06,5.0014336977463429,32322568.392000001,141.15669104,0,1
157877792.06,5.0028453386822829,32381273.622000001,140.99075851000001,0,1
157922340.06,5.0042569796182219,32440772.612,140.83608047999999,0,1
158011436.06,5.0070802614901009,32560110.022999998,140.5528994,0,1
158189628.06,5.0127268252338579,32800091.103999998,140.04351087000001,0,1
158367820.06,5.0183733889776159,33043002.833000001,139.57252862000001,0,1
158724204.06,5.0296665164651309,33530123.272,138.7769246,0,1
159080588.06,5.040959643952645,34021030.463,138.19732002000001,0,1
159793356.06,5.0635458989276749,34975377.159999996,138.52868713000001,0,1
160506124.06,5.0861321539027049,35874701.391000003,140.48381907000001,0,1
161218892.06,5.1087184088777349,36689295.056000002,143.68535592000001,0,1
161931660.06,5.1313046638527648,37403961.781000003,147.53622156,0,1
162644428.06,5.1538909188277939,38016559.005999997,151.4958895,0,1
164069964.06,5.1990634287778539,38904752.920999996,158.02887643,0,1
165495500.06,5.2442359387279138,39546897.217,162.88385346000001,0,1
165677400,5.25,39625353.142999999,163.47636478000001,0,1
165721948,5.251411640935939,39948644,157.32275382,0,1
165766496,5.252823281871879,39942646.843000002,155.87790931999999,0,1
165855592,5.255646563743757,39931060.101999998,155.25723406,0,1
166033784,5.261293127487515,39909537.489,154.99272299,0,1
166390168,5.27258625497503,39870871.254000001,154.91777791000001,0,1
166746552,5.283879382462545,39835458.310999997,154.93106990999999,0,1
167459320,5.306465637437574,39773042.744000003,155.00317193999999,0,1
168884856,5.351638147387634,39667249.147,155.12478245,0,1
171735928,5.441983167287753,39492521.351999998,155.25486616000001,0,1
173566800,5.5,39390500.840999998,155.30419807999999,0,1
173566821.75,5.5000006892159101,39106347.045000002,157.05832265999999,0,1
173566843.5,5.5000013784318202,39086014.641999997,158.41968341,0,1
173566887.00999999,5.5000027571805203,39072727.914999999,160.07994284,0,1
173566974.02000001,5.5000055143610416,39063858.691,161.42602095000001,0,1
173567148.03,5.5000110284052024,39059013.971000001,161.81743645,0,1
173567496.06,5.5000220568104039,39056542.754000001,161.44468214,0,1
173568192.12,5.5000441136208078,39054764.931000002,161.06444425999999,0,1
173568888.19,5.5000661707480925,39053549.210000001,160.94855896999999,0,1
173569584.25,5.5000882275584964,39052489.299999997,160.91615960999999,0,1
173570280.31,5.5001102843689003,39051490.306000002,160.90660951999999,0,1
173571672.44,5.5001543983065888,39049567.538999997,160.90305193,0,1
173574456.69,5.5002426258650843,39045796.188000001,160.90547799999999,0,1
173580025.19,5.500419080982077,39038293.751000002,160.91873677000001,0,1
173591162.19,5.5007719912160624,39023297.410999998,160.95356849000001,0,1
173613436.19,5.5014778116840315,38993348.761,161.02959079999999,0,1
173657984.19,5.5028894526199714,38933763.472999997,161.18078603000001,0,1
173747080.19,5.5057127344918495,38815240.556000002,161.46190956999999,0,1
173925272.19,5.5113592982356074,38578632.005000003,161.96458731999999,0,1
174281656.19,5.5226524257231224,38103748.700999998,162.81179008000001,0,1
174459848.19,5.5282989894668795,37869039.846000001,163.19761249999999,0,1
174816232.19,5.5395921169543945,37396016.755000003,163.75636878,0,1
175529000.19,5.5621783719294244,36472364.691,163.50389559000001,0,1
175885384.19,5.5734714994169394,36024920.597000003,162.99938958999999,0,1
176598152.19,5.5960577543919685,35199416.403999999,160.64110696,0,1
177310920.19,5.6186440093669985,34467528.101000004,157.38507023,0,1
178023688.19,5.6412302643420285,33835845.800999999,153.71716384000001,0,1
178736456.19,5.6638165193170584,33301613.241,150.03084243999999,0,1
180161992.19,5.7089890292671175,32540978.037999999,143.93663294000001,0,1
181456200,5.75,32041832.747000001,139.68795903,0,1
181500748,5.751411640935939,32423881.767000001,142.80532514999999,0,1
181545296,5.752823281871879,32426575.688000001,143.46549447999999,0,1
181589844,5.754234922807818,32429067.782000002,143.64030036,0,1
181678940,5.757058204679697,32433793.362,143.68807686,0,1
181857132,5.762704768423454,32442374.894000001,143.62071646999999,0,1
182213516,5.773997895910969,32456973.256000001,143.44110114,0,1
182926284,5.796584150885999,32479762.140999999,143.15296011000001,0,1
184351820,5.8417566608360589,32511961.660999998,142.75506145,0,1
185777356,5.886929170786118,32536416.248,142.44974164999999,0,1
188628428,5.977274190686237,32570115.862,142.00094136999999,0,1
189345600,6,32577887.370000001,141.89574963999999,0,1
189345621.75,6.0000006892159101,32259033.853999998,141.12740873999999,0,1
189345643.5,6.0000013784318202,32235416.868000001,140.570662,0,1
189345687.00999999,6.0000027571805203,32219586.719999999,139.98670981000001,0,1
189345774.02000001,6.0000055143610416,32208829.892999999,139.71072330000001,0,1
189345948.03,6.0000110284052024,32203623.050999999,139.90615278000001,0,1
189346296.06,6.0000220568104039,32202375.000999998,140.26911016,0,1
189346644.09,6.0000330852156063,32202532.059,140.43205165000001,0,1
189346992.12,6.0000441136208078,32202936.590999998,140.49298870000001,0,1
189347688.19,6.0000661707480925,32203864.875,140.51561876,0,1
189349080.31,6.0001102843689003,32205746.138,140.51118855999999,0,1
189351864.56,6.0001985119273966,32209472.954999998,140.49105383,0,1
189357433.06,6.0003749670443884,32216901.478999998,140.45617344999999,0,1
189368570.06,6.0007278772783739,32231785.576000001,140.40004492,0,1
189390844.06,6.0014336977463429,32261647.537,140.30622382999999,0,1
189435392.06,6.0028453386822829,32321776.817000002,140.14229051999999,0,1
189479940.06,6.0042569796182219,32382690.296,139.99117608,0,1
189569036.06,6.0070802614901009,32504802.844999999,139.71815412000001,0,1
189747228.06,6.0127268252338579,32750088.482999999,139.23470535000001,0,1
189925420.06,6.0183733889776159,32998051.838,138.79275337999999,0,1
190281804.06,6.0296665164651309,33494245.909000002,138.06014768,0,1
190638188.06,6.040959643952645,33993261.848999999,137.54491404999999,0,1
190994572.06,6.0522527714401599,34490705.222999997,137.35006288,0,1
191707340.06,6.0748390264151899,35436425.218999997,138.66080721,0,1
192420108.06,6.0974252813902199,36306762.637999997,141.48256805,0,1
193132876.06,6.1200115363652499,37079409.229999997,145.24332147000001,0,1
193845644.06,6.1425977913402798,37746906.879000001,149.32702823,0,1
194558412.06,6.1651840463153089,38313023.600000001,153.27592335,0,1
195983948.06,6.2103565562653689,39127765.409999996,159.45157134999999,0,1
197235000,6.25,39662200.759999998,163.52601035000001,0,1
197257274,6.25070582046797,39988390.839000002,158.54620942,0,1
197279548,6.251411640935939,39985439.178000003,156.82701992,0,1
197301822,6.252117461403909,39982358.969999999,156.12501295999999,0,1
197346370,6.253529102339848,39976362.877999999,155.62324573000001,0,1
197435466,6.256352384211727,39964911.612999998,155.29832077,0,1
197613658,6.261998947955485,39943578.093000002,155.12615216,0,1
197970042,6.273292075442999,39905179.714000002,155.08444850999999,0,1
198326426,6.284585202930514,39869994.728,155.10978549999999,0,1
199039194,6.307171457905544,39808022.888999999,155.19360886999999,0,1
200464730,6.352343967855604,39703311.618000001,155.33035065999999,0,1
203315802,6.442688987755723,39531556.829999998,155.48256434999999,0,1
205124400,6.5,39432843.880999997,155.54368919999999,0,1
205124421.75,6.5000006892159101,39148829.318000004,157.26521192000001,0,1
205124443.5,6.5000013784318202,39128497.832999997,158.60166717000001,0,1
205124487.00999999,6.5000027571805203,39115208.028999999,160.23055890000001,0,1
205124574.02000001,6.5000055143610416,39106334.563000001,161.54601869999999,0,1
205124748.03,6.5000110284052024,39101486.266000003,161.91594638000001,0,1
205125096.06,6.5000220568104039,39099013.417000003,161.53341974,0,1
205125792.12,6.5000441136208078,39097234.862000003,161.15046855,0,1
205126488.19,6.5000661707480925,39096018.228,161.03398453,0,1
205127184.25,6.5000882275584964,39094957.119999997,161.00123588,0,1
205127880.31,6.5001102843689003,39093956.777999997,160.99137741000001,0,1
205129272.44,6.5001543983065888,39092031.155000001,160.98729774,0,1
205132056.69,6.5002426258650843,39088254.053000003,160.98893977,0,1
205137625.19,6.500419080982077,39080740.544,161.00113945000001,0,1
205148762.19,6.5007719912160624,39065723.305,161.03462789,0,1
205171036.19,6.5014778116840315,39035735.597000003,161.10897543999999,0,1
205215584.19,6.5028894526199714,38976078.357000001,161.25806965000001,0,1
205304680.19,6.5057127344918495,38857426.033,161.53655921999999,0,1
205482872.19,6.5113592982356074,38620595.711999997,162.03585748,0,1
205839256.19,6.5226524257231224,38145376.976000004,162.87832585999999,0,1
206017448.19,6.5282989894668795,37910525.809,163.26204190999999,0,1
206373832.19,6.5395921169543945,37437306.707000002,163.81721345,0,1
207086600.19,6.5621783719294244,36513557.195,163.55960243999999,0,1
207442984.19,6.5734714994169394,36066130.181999996,163.05302836999999,0,1
208155752.19,6.5960577543919685,35240860.781000003,160.69237049,0,1
208868520.19,6.6186440093669985,34509349.436999999,157.43550372999999,0,1
209581288.19,6.6412302643420285,33878132.858000003,153.76810136,0,1
210294056.19,6.6638165193170584,33344407.451000001,150.083404,0,1
211719592.19,6.7089890292671175,32584700.070999999,143.99497454999999,0,1
213013800,6.75,32086205.133000001,139.75231292000001,0,1
213058348,6.751411640935939,32468241.785999998,142.96679832999999,0,1
213102896,6.752823281871879,32471054.102000002,143.64885489,0,1
213147444,6.754234922807818,32473664.651999999,143.83064802999999,0,1
213236540,6.757058204679697,32478625.131999999,143.88305609,0,1
213414732,6.762704768423454,32487668.241999999,143.81931703999999,0,1
213771116,6.773997895910969,32503157.951000001,143.64344450999999,0,1
214483884,6.796584150885999,32527612.68,143.36009806999999,0,1
215909420,6.8417566608360589,32562752.388999999,142.96921598,0,1
218760492,6.9321016807361779,32608715.423999999,142.45145389999999,0,1
220903200,7,32635484.881000001,142.13961015999999,0,1
220903243.5,7.0000013784318202,32301061.739999998,140.87119946000001,0,1
220903287.00999999,7.0000027571805203,32279413.436000001,140.19504001999999,0,1
220903374.02000001,7.0000055143610416,32267260.162,139.84610304,0,1
220903548.03,7.0000110284052024,32261618.293000001,140.01544722,0,1
220903896.06,7.0000220568104039,32260267.556000002,140.38395679000001,0,1
220904244.09,7.0000330852156063,32260412.785,140.55345462,0,1
220904592.12,7.0000441136208078,32260816.158,140.61766388000001,0,1
220905288.19,7.0000661707480925,32261742.721000001,140.64191971,0,1
220906680.31,7.0001102843689003,32263618.840999998,140.63768901,0,1
220909464.56,7.0001985119273966,32267334.254000001,140.61716530999999,0,1
220915033.06,7.0003749670443884,32274746.364999998,140.58168850999999,0,1
220926170.06,7.0007278772783739,32289598.890999999,140.52490527,0,1
220948444.06,7.0014336977463429,32319399.561999999,140.43046045,0,1
220992992.06,7.0028453386822829,32379408.101,140.26604293,0,1
221037540.06,7.0042569796182219,32440200.024,140.11471976999999,0,1
221126636.06,7.0070802614901009,32562070.884,139.84157292,0,1
221304828.06,7.0127268252338579,32806872.947000001,139.35810053,0,1
221483020.06,7.0183733889776159,33054344.901999999,138.91619645,0,1
221661212.06,7.0240199527213729,33303254.670000002,138.50779901000001,0,1
222017596.06,7.0353130802088879,33800181.699000001,137.86061389,0,1
222373980.06,7.0466062076964029,34298031.669,137.47844401,0,1
222730364.06,7.0578993351839179,34792212.788000003,137.47185668,0,1
223086748.06,7.0691924626714329,35277566.384000003,137.92503342000001,0,1
223799516.06,7.0917787176464628,36171323.722999997,140.53628141999999,0,1
224512284.06,7.1143649726214919,36968687.431999996,144.25929148,0,1
225225052.06,7.1369512275965219,37659282.531000003,148.41452322999999,0,1
225937820.06,7.1595374825715519,38245501.119000003,152.48471158999999,0,1
226650588.06,7.1821237375465818,38737230.866999999,156.17309693999999,0,1
228076124.06,7.2272962474966409,39441193.740999997,161.62590861000001,0,1
228792600,7.25,39737711.270000003,163.90603462999999,0,1
228814874,7.25070582046797,40063319.288000003,158.91812243000001,0,1
228837148,7.251411640935939,40060376.020000003,157.19602997999999,0,1
228859422,7.252117461403909,40057303.380999997,156.49289535,0,1
228903970,7.253529102339848,40051319.446000002,155.99062570000001,0,1
228993066,7.256352384211727,40039884.508000001,155.66607193999999,0,1
229171258,7.261998947955485,40018564.991999999,155.49546776,0,1
229527642,7.273292075442999,39980161.119999997,155.45688321,0,1
229884026,7.284585202930514,39944957.402000003,155.48502310000001,0,1
230596794,7.307171457905544,39882962.295000002,155.57353922999999,0,1
232022330,7.352343967855604,39778398.490999997,155.71770801,0,1
234873402,7.442688987755723,39607698.501999997,155.88071737000001,0,1
236682000,7.5,39509910.452,155.94747674000001,0,1
236682021.75,7.5000006892159101,39226408.980999999,157.66673517999999,0,1
236682043.5,7.5000013784318202,39206112.980999999,159.00172162999999,0,1
236682087.00999999,7.5000027571805203,39192843.585000001,160.62812758999999,0,1
236682174.02000001,7.5000055143610416,39183981.020999998,161.93742032,0,1
236682348.03,7.5000110284052024,39179133.717,162.29582561999999,0,1
236682696.06,7.5000220568104039,39176655.778999999,161.90192167000001,0,1
236683392.12,7.5000441136208078,39174868.254000001,161.5135196,0,1
236684088.19,7.5000661707480925,39173642.964000002,161.39585172,0,1
236684784.25,7.5000882275584964,39172573.090000004,161.36279540000001,0,1
236685480.31,7.5001102843689003,39171563.876000002,161.35278801000001,0,1
236686872.44,7.5001543983065888,39169620.318999998,161.34846820999999,0,1
236689656.69,7.5002426258650843,39165807.208999999,161.34968233999999,0,1
236695225.19,7.500419080982077,39158221.713,161.36117209,0,1
236706362.19,7.5007719912160624,39143061.256999999,161.39348464,0,1
236728636.19,7.5014778116840315,39112790.015000001,161.46576134,0,1
236773184.19,7.5028894526199714,39052576.020999998,161.61103378999999,0,1
236862280.19,7.5057127344918495,38932844.868000001,161.88242466,0,1
237040472.19,7.5113592982356074,38693971.810999997,162.36845568000001,0,1
237396856.19,7.5226524257231224,38215059.450999998,163.18602245,0,1
237575048.19,7.5282989894668795,37978459.336000003,163.55760778000001,0,1
237931432.19,7.5395921169543945,37502085.357000001,164.08990359000001,0,1
238644200.19,7.5621783719294244,36573224.234999999,163.79283464,0,1
239000584.19,7.5734714994169394,36123538.626000002,163.26816994999999,0,1
239713352.19,7.5960577543919685,35294705.305,160.87736174,0,1
240426120.19,7.6186440093669985,34560450.427000001,157.59575029999999,0,1
241138888.19,7.6412302643420285,33927159.533,153.90839109999999,0,1
242564424.19,7.6864027742920884,33009844.414000001,147.15132635000001,0,1
243989960.19,7.7315752842421475,32362159.868000001,141.81952583,0,1
244571400,7.75,32137286.931000002,139.90441258000001,0,1
244593674,7.75070582046797,32517545.228999998,142.63184336,0,1
244615948,7.751411640935939,32519248.682999998,143.52456935000001,0,1
244638222,7.752117461403909,32520663.146000002,143.86175365,0,1
244682770,7.753529102339848,32523415.403999999,144.06244211000001,0,1
244771866,7.756352384211727,32528651.403000001,144.13276137,0,1
244950058,7.761998947955485,32538214.627,144.07776991,0,1
245306442,7.773292075442999,32554652.491999999,143.9043092,0,1
246019210,7.795878330418029,32580765.826000001,143.62137332,0,1
247444746,7.841050840368089,32618664.449000001,143.23210035,0,1
250295818,7.931395860268208,32668890.934999999,142.71920094999999,0,1
252460800,8,32698614.969999999,142.40858563,0,1
252460821.75,8.0000006892159092,32380289.243999999,141.56127398999999,0,1
252460843.5,8.0000013784318202,32356716.199999999,140.94871825999999,0,1
252460887.00999999,8.0000027571805212,32340924.028000001,140.30697992,0,1
252460974.02000001,8.0000055143610425,32330210.585000001,139.99760929999999,0,1
252461148.03,8.0000110284052024,32325047.363000002,140.19636832,0,1
252461496.06,8.0000220568104048,32323829.638,140.58086506000001,0,1
252461844.09,8.0000330852156054,32323996.171,140.75554747000001,0,1
252462192.12,8.0000441136208078,32324402.155999999,140.82157096,0,1
252462888.19,8.0000661707480916,32325325.537999999,140.84650988000001,0,1
252464280.31,8.0001102843688994,32327192.546999998,140.84213459,0,1
252467064.56,8.0001985119273957,32330892.142000001,140.82105576999999,0,1
252472633.06,8.0003749670443884,32338269.375999998,140.78480537999999,0,1
252483770.06,8.0007278772783739,32353054.383000001,140.72703695999999,0,1
252506044.06,8.0014336977463429,32382722.614,140.63131952000001,0,1
252528318.06,8.0021395182143138,32412717.848000001,140.54423896,0,1
252572866.06,8.0035511591502519,32472873.848999999,140.38618525000001,0,1
252617414.06,8.0049628000861919,32533621.263,140.23876991,0,1
252706510.06,8.00778608195807,32655265.897,139.9699732,0,1
252884702.06,8.0134326457018279,32899382.842,139.49029284,0,1
253062894.06,8.0190792094455858,33146022.875999998,139.0502912,0,1
253419278.06,8.0303723369330999,33639565.145999998,138.32176376999999,0,1
253775662.06,8.0416654644206158,34135802.280000001,137.81459337000001,0,1
254132046.06,8.0529585919081299,34630313.104999997,137.63323502,0,1
254488430.06,8.064251719395644,35118273.864,137.87481539999999,0,1
255201198.06,8.086837974370674,36025538.314999998,140.09484924,0,1
255913966.06,8.1094242293457039,36842149.200999998,143.56431122999999,0,1
256270350.06,8.1207173568332198,37226226.884000003,145.53020767999999,0,1
256983118.06,8.1433036118082498,37883993.733999997,149.70949300000001,0,1
257695886.06,8.1658898667832798,38439642.317000002,153.69002032,0,1
259121422.06,8.2110623767333379,39236103.858999997,159.81492656,0,1
260350200,8.25,39750566.597000003,163.76782334999999,0,1
260372474,8.2507058204679691,40076396.053999998,158.90002423999999,0,1
260394748,8.2514116409359399,40073463.501000002,157.21994161000001,0,1
260417022,8.252117461403909,40070401.281999998,156.53440311,0,1
260461570,8.2535291023398489,40064437.652999997,156.04551408,0,1
260550666,8.256352384211727,40053042.283,155.73109640999999,0,1
260728858,8.261998947955485,40031802.163999997,155.56854145,0,1
261085242,8.273292075442999,39993564.604000002,155.53696986,0,1
261441626,8.2845852029305149,39958535.071000002,155.56929345,0,1
262154394,8.3071714579055449,39896920.18,155.66276472000001,0,1
263579930,8.3523439678556031,39793245.101999998,155.81332624999999,0,1
266431002,8.442688987755723,39624760.535999998,155.98632347,0,1
268239600,8.5,39528521.818999998,156.05899260999999,0,1
268239621.75,8.5000006892159092,39244927.012999997,157.72979695999999,0,1
268239643.5,8.5000013784318202,39224615.740000002,159.02733748,0,1
268239687.00999999,8.5000027571805212,39211335.306999996,160.60754426,0,1
268239774.02000001,8.5000055143610425,39202468.542000003,161.87775429999999,0,1
268239948.03,8.5000110284052024,39197626.792000003,162.22123970999999,0,1
268240296.06,8.5000220568104048,39195159.105999999,161.83268326000001,0,1
268240992.12,8.5000441136208078,39193379.553000003,161.45148361,0,1
268241688.19,8.5000661707480916,39192158.088,161.3359548,0,1
268242384.25,8.5000882275584964,39191090.943999998,161.30340507,0,1
268243080.31,8.5001102843688994,39190084.167000003,161.29347917999999,0,1
268244472.44,8.5001543983065879,39188145.314999998,161.28909124,0,1
268247256.69,8.5002426258650843,39184341.435000002,161.29012779999999,0,1
268252825.19,8.500419080982077,39176774.292000003,161.30133214,0,1
268263962.19,8.5007719912160624,39161650.498000003,161.33324371,0,1
268286236.19,8.5014778116840315,39131452.864,161.40504343999999,0,1
268330784.19,8.5028894526199714,39071386.648999996,161.54992206,0,1
268419880.19,8.5057127344918495,38951951.079000004,161.82141024000001,0,1
268598072.19,8.5113592982356074,38713664.119000003,162.30895692999999,0,1
268954456.19,8.5226524257231215,38235889.484999999,163.1313366,0,1
269132648.19,8.5282989894668795,37999843.471000001,163.50557972999999,0,1
269489032.19,8.5395921169543936,37524535.983000003,164.04361111,0,1
270201800.19,8.5621783719294235,36597617.083999999,163.75811203999999,0,1
270558184.19,8.5734714994169394,36148841.377999999,163.23911014999999,0,1
271270952.19,8.5960577543919694,35321641.372000001,160.85883168999999,0,1
272696488.19,8.6412302643420293,34040559.832999997,154.05366595000001,0,1
274122024.19,8.6864027742920875,33106805.965,147.51806210000001,0,1
275547560.19,8.7315752842421475,32442478.175999999,142.20462087999999,0,1
276129000,8.75,32211261.511,140.27446101999999,0,1
276173548,8.7514116409359399,32592319.346000001,143.51498333000001,0,1
276218096,8.7528232818718781,32595319.271000002,144.20205071999999,0,1
276262644,8.754234922807818,32598116.877,144.38531526,0,1
276351740,8.7570582046796961,32603444.351,144.43927332999999,0,1
276529932,8.762704768423454,32613197.028000001,144.37838033,0,1
276886316,8.7739978959109699,32630028.559999999,144.20795680000001,0,1
277599084,8.7965841508859981,32656940.545000002,143.93364686000001,0,1
279024620,8.841756660836058,32696359.151999999,143.55630959999999,0,1
281875692,8.9321016807361779,32749178.280000001,143.05735249,0,1
284018400,9,32780362.030999999,142.75690735000001,0,1
284018443.5,9.0000013784318202,32447028.791999999,141.45342115,0,1
284018487.00999999,9.0000027571805212,32425464.605,140.76051428,0,1
284018574.01999998,9.0000055143610407,32413367.747000001,140.40247549,0,1
284018748.02999997,9.0000110284052006,32407760.546,140.57214343000001,0,1
284019096.06,9.0000220568104048,32406421.441,140.94583320000001,0,1
284019444.08999997,9.0000330852156054,32406565.375,141.11835998000001,0,1
284019792.12,9.0000441136208078,32406963.870999999,141.18390008,0,1
284020488.19,9.0000661707480916,32407877.952,141.20860300000001,0,1
284021880.31,9.0001102843688994,32409727.745000001,141.20399678000001,0,1
284024664.56,9.0001985119273957,32413393.98,141.18265287,0,1
284030233.06,9.0003749670443884,32420704.396000002,141.14608559999999,0,1
284041370.06,9.0007278772783739,32435356.765000001,141.08787648000001,0,1
284063644.06,9.0014336977463429,32464761.135000002,140.99142671000001,0,1
284085918.06,9.0021395182143138,32494492.822999999,140.90364640999999,0,1
284130466.06,9.0035511591502519,32554126.533,140.74420147000001,0,1
284175014.06,9.0049628000861919,32614354.528000001,140.59537739000001,0,1
284264110.06,9.00778608195807,32734978.620000001,140.32364312000001,0,1
284353206.06,9.0106093638299498,32856664.820999999,140.06961627000001,0,1
284531398.06,9.016255927573706,33100089.374000002,139.60577136000001,0,1
284709590.06,9.0219024913174639,33345471.771000002,139.17579437000001,0,1
284887782.06,9.0275490550612218,33592083.843999997,138.77704980999999,0,1
285244166.06,9.0388421825487359,34084376.152999997,138.16691302000001,0,1
285600550.06,9.0501353100362518,34576828.557999998,137.85467602,0,1
285956934.06,9.0614284375237659,35064559.468000002,137.95155396999999,0,1
286669702.06,9.0840146924987959,35976885.794,139.93353169,0,1
287026086.06,9.09530781998631,36416099.120999999,141.34847687999999,0,1
287738854.06,9.11789407496134,37190787.700999998,145.18164666000001,0,1
289164390.06,9.1630665849113999,38340709.410999998,152.89902397,0,1
290589926.06,9.2082390948614599,39174547.129000001,159.13244318,0,1
291907800,9.25,39742349.342,163.45822129000001,0,1
291930074,9.2507058204679691,40068670.851000004,158.75127055999999,0,1
291952348,9.2514116409359399,40065751.314999998,157.1273315,0,1
291974622,9.252117461403909,40062701.952,156.46520176000001,0,1
292019170,9.2535291023398489,40056764.137999997,155.99385563999999,0,1
292108266,9.256352384211727,40045421.111000001,155.6922371,0,1
292286458,9.261998947955485,40024290.588,155.53904854000001,0,1
292642842,9.273292075442999,39986288.498999998,155.51457754,0,1
292999226,9.2845852029305149,39951505.141000003,155.55059947000001,0,1
293711994,9.3071714579055449,39890407.125,155.64774714000001,0,1
295137530,9.3523439678556031,39787833.759000003,155.80249556999999,0,1
297988602,9.442688987755723,39621791.243000001,155.98279199000001,0,1
299797200,9.5,39527182.445,156.06024171999999,0,1
299797221.75,9.5000006892159092,39243288.248000003,157.66966582000001,0,1
299797243.5,9.5000013784318202,39222945.126999997,158.91969972000001,0,1
299797287.00999999,9.5000027571805212,39209643.574000001,160.44165616999999,0,1
299797374.01999998,9.5000055143610407,39200767.902000003,161.66430811000001,0,1
299797548.02999997,9.5000110284052006,39195933.335000001,161.99331082,0,1
299797896.06,9.5000220568104048,39193480.936999999,161.61613869999999,0,1
299798592.12,9.5000441136208078,39191714.898000002,161.24638564,0,1
299799288.19,9.5000661707480916,39190501.372000001,161.13411041000001,0,1
299799984.25,9.5000882275584964,39189440.766999997,161.10235813,0,1
299800680.31,9.5001102843688994,39188440.18,161.09261197000001,0,1
299802072.44,9.5001543983065879,39186513.549999997,161.08824903999999,0,1
299804856.69,9.5002426258650843,39182733.931000002,161.08924137,0,1
299810425.19,9.500419080982077,39175215.082000002,161.10036156000001,0,1
299821562.19,9.5007719912160624,39160187.505999997,161.13219036000001,0,1
299843836.19,9.5014778116840315,39130181.607000001,161.20408508,0,1
299888384.19,9.5028894526199714,39070496.011,161.34969864000001,0,1
299977480.19,9.5057127344918495,38951810.355999999,161.62355646,0,1
300155672.19,9.5113592982356074,38714979.723999999,162.11723835999999,0,1
300512056.19,9.5226524257231215,38239945.892999999,162.95384598000001,0,1
300690248.19,9.5282989894668795,38005218.471000001,163.33547336000001,0,1
301046632.19,9.5395921169543936,37532379.667999998,163.88851427,0,1
301759400.19,9.5621783719294235,36609740.792000003,163.63137318,0,1
302115784.19,9.5734714994169394,36162922.713,163.12588665000001,0,1
302828552.19,9.5960577543919694,35339065.975000001,160.76961492999999,0,1
304254088.19,9.6412302643420293,34062864.950999998,154.00157317,0,1
305679624.19,9.6864027742920875,33132600.967,147.49436065,0,1
307105160.19,9.7315752842421475,32470751.600000001,142.20249092,0,1
307686600,9.75,32240396.057,140.28010488999999,0,1
307722939.99000001,9.7511515447942809,32620950.664999999,143.43349495000001,0,1
307759279.98000002,9.7523030895885618,32623535.329,144.19955081000001,0,1
307795619.95999998,9.753454634065962,32625909.276000001,144.43013658000001,0,1
307868299.94,9.7557577236545239,32630471.436000001,144.52693944000001,0,1
308013659.88999999,9.7603639025147668,32638950.697999999,144.50438172,0,1
308304379.80000001,9.7695762605521335,32653914.043000001,144.36892155000001,0,1
308885819.61000001,9.788000976309986,32678541.272999998,144.12739689,0,1
310048699.24000001,9.8248504081425718,32715876.181000002,143.78523870000001,0,1
311211578.86000001,9.8616998396582769,32745835.188000001,143.52275968999999,0,1
313537338.11000001,9.935398703006566,32789840.557,143.14004256000001,0,1
315576000,10,32820927.963,142.86546935000001,0,1
