TIME(S)",Time_years,cs05rc A99 PRES,cs05rc A99 TEMP,SAT_G",SAT_L
1,3.1688087814028947E-8,30178598.515999999,128.05581011999999,0,1
3,9.5064263442086848E-8,30226304.980999999,131.85499786,0,1
7,2.2181661469820265E-7,30252703.528999999,138.42344391,0,1
15,4.7532131721043423E-7,30271963.927000001,148.42054869,0,1
31,9.8233072223489744E-7,30286348.344000001,160.67264537,0,1
63,1.9963495322838237E-6,30296061.833999999,171.44852965000001,0,1
127,4.0243871523816764E-6,30300925.256999999,177.49119898000001,0,1
255,8.0804623925773816E-6,30300786.682999998,179.46110049999999,0,1
511,1.6192612872968792E-5,30297451.605999999,179.82573231999999,0,1
1023,3.2416913833751613E-5,30293787.133000001,179.88268400999999,0,1
1535,4.8641214794534437E-5,30291926.666999999,179.90003966,0,1
2559,8.1089816716100086E-5,30290388.605999999,179.91492629999999,0,1
3583,1.1353841863766573E-4,30289924.061999999,179.92189228999999,0,1
5631,1.7843562248079701E-4,30290584.491999999,179.92624426,0,1
9727,3.082300301670596E-4,30294354.684,179.92768045,0,1
17919,5.6781884553958474E-4,30305171.789000001,179.9269113,0,1
26111,8.2740766091210993E-4,30317525.041999999,179.92545118000001,0,1
42495,1.3465852916571602E-3,30344170.181000002,179.92202105000001,0,1
75263,2.384940553147261E-3,30400267.653999999,179.91468015999999,0,1
86400,2.7378507871321013E-3,30419871.085000001,179.91211010000001,0,1
108674,3.4436712551017823E-3,30459348.493999999,179.90692897,0,1
153222,4.8553121910411435E-3,30538872.743999999,179.89648517000001,0,1
242318,7.6785940629198668E-3,30698503.409000002,179.87550718,0,1
420510,1.3325157806677314E-2,31016820.627,179.83362994000001,0,1
598702,1.8971721550434761E-2,31335310.050999999,179.79167206,0,1
687798,2.1795003422313483E-2,31495266.666000001,179.77057766999999,0,1
865990,2.7441567166070931E-2,31811392.162,179.72884569999999,0,1
1222374,3.8734694653585824E-2,32430758.419,179.64691995000001,0,1
1935142,6.1320949628615611E-2,33600585.295000002,179.49159988,0,1
2592000,8.2135523613963035E-2,34604354.566,179.35772663,0,1
3304768,0.10472177858899283,35577883.027000003,179.22736273000001,0,1
4017536,0.12730803356402262,36426242.752999999,179.11334398,0,1
5443072,0.17248054351408218,37677307.548,178.94450336,0,1
6868608,0.21765305346414177,38591741.843999997,178.820573,0,1
7889400,0.25,39109915.876999997,178.75015336000001,0,1
7911674,0.25070582046796969,38811695.946999997,178.73967042000001,0,1
7933948,0.25141164093593937,38807482.285999998,178.74201373,0,1
7978496,0.25282328187187875,38799554.372000001,178.74015270999999,0,1
8067592,0.25564656374375744,38784408.647,178.7208488,0,1
8245784,0.26129312748751488,38756053.211000003,178.64030953,0,1
8602168,0.27258625497502981,38704351.042000003,178.37450240000001,0,1
8958552,0.28387938246254468,38656351.445,178.04131587000001,0,1
9314936,0.29517250995005956,38611209.365999997,177.66491757,0,1
10027704,0.31775876492508937,38528749.975000001,176.83899880999999,0,1
11453240,0.36293127487514892,38383457.520999998,175.19480003000001,0,1
14304312,0.4532762947752681,38137366.177000001,172.39207421,0,1
15778800,0.5,38019474.435999997,171.08213752,0,1
15778821.752,0.50000068927928609,38271491.941,150.00043391,0,1
15778843.504000001,0.5000013785585723,38297480.066,138.65367939999999,0,1
15778887.007999999,0.50000275711714448,38318965.236000001,130.21958022999999,0,1
15778974.016000001,0.50000551423428907,38337183.148000002,126.34525023,0,1
15779148.030999999,0.50001102843688994,38350239.265000001,125.32429866,0,1
15779496.062000001,0.50002205687377999,38358564.487000003,125.16198993,0,1
15780192.125,0.50004411377924807,38363919.708999999,125.12933111,0,1
15780888.187999999,0.50006617068471615,38366459.266999997,125.11727718,0,1
15781584.25,0.50008822755849625,38367894.538999997,125.11103394,0,1
15782280.312000001,0.50011028443227623,38368771.588,125.10763411000001,0,1
15783672.437999999,0.50015439824321239,38369465.557999998,125.10498303,0,1
15786456.687999999,0.50024262580170864,38369184.310000002,125.10365484,0,1
15792025.187999999,0.50041908091870102,38366136.138999999,125.10360256,0,1
15803162.187999999,0.50077199115268589,38356756.555,125.10499593,0,1
15825436.187999999,0.50147781162065552,38334196.556000002,125.10878425999999,0,1
15869984.187999999,0.5028894525565949,38285146.642999999,125.11714440999999,0,1
15959080.187999999,0.50571273442847364,38183090.715000004,125.1345685,0,1
16137272.187999999,0.51135929817223102,37974018.868000001,125.17026248000001,0,1
16493656.187999999,0.52265242565974601,37546817.605999999,125.24316063000001,0,1
16850040.188000001,0.53394555314726089,37117466.237000003,125.3163737,0,1
17562808.188000001,0.55653180812229075,36265878.050999999,125.46143067,0,1
18988344.188000001,0.60170431807235025,34811056.32,125.7087566,0,1
20413880.188000001,0.64687682802240987,33687015.25,125.89942546,0,1
23264952.188000001,0.73722184792252898,32417775.317000002,126.11427538,0,1
23668200,0.75,32258508.368000001,126.14120133,0,1
23690474,0.75070582046796963,31864199.083000001,126.13634190000001,0,1
23712748,0.75141164093593937,31864653.660999998,126.142233,0,1
23735022,0.752117461403909,31865248.289999999,126.14688987,0,1
23779570,0.75352910233984838,31866350.045000002,126.15471209,0,1
23868666,0.75635238421172712,31868335.295000002,126.17082899,0,1
24046858,0.76199894795548462,31871609.030000001,126.21257801,0,1
24403242,0.77329207544299949,31876233.138,126.32842047,0,1
25116010,0.79587833041802925,31881208.943,126.62031469,0,1
26541546,0.84105084036808886,31883806.508000001,127.22042882,0,1
27967082,0.88622335031814836,31882918.195,127.76125722,0,1
30818154,0.97656837021826759,31875886.186000001,128.56171484999999,0,1
31557600,1,31873853.359000001,128.75099892,0,1
31557643.504000001,1.0000013785585722,32204124.074000001,160.92228578999999,0,1
31557687.008000001,1.0000027571171446,32220476.309999999,172.77695374999999,0,1
31557774.015999999,1.000005514234289,32224921.375999998,178.07319835000001,0,1
31557948.030999999,1.0000110284368899,32223391.739,179.40972375000001,0,1
31558296.061999999,1.0000220568737799,32219649.210999999,179.60728254,0,1
31558644.094000001,1.000033085342358,32217395.166000001,179.63443351000001,0,1
31558992.125,1.0000441137792482,32215960.813999999,179.64622836000001,0,1
31559688.188000001,1.0000661706847163,32214352.715,179.65862227,0,1
31561080.311999999,1.0001102844322762,32213073.761,179.66839342,0,1
31563864.561999999,1.0001985119907724,32213215.346000001,179.67334542,0,1
31569433.061999999,1.0003749671077649,32216896.669,179.67458717,0,1
31580570.061999999,1.0007278773417496,32228212.27,179.67357140999999,0,1
31591707.061999999,1.0010807875757346,32241241.995000001,179.67195078,0,1
31613981.061999999,1.0017866080437041,32269399.77,179.66826259000001,0,1
31658529.061999999,1.0031982489796436,32328781.765000001,179.66041497000001,0,1
31747625.061999999,1.0060215308515223,32451505.309999999,179.64416782000001,0,1
31836721.061999999,1.0088448127234011,32576972.59,179.62754557,0,1
32014913.061999999,1.0144913764671584,32829595.32,179.59404889000001,0,1
32104009.061999999,1.0173146583390371,32957885.318999998,179.57702455,0,1
32282201.061999999,1.0229612220827946,33214037.541000001,179.54300494,0,1
32371297.061999999,1.0257845039546734,33343221.407000002,179.52583429000001,0,1
32549489.061999999,1.0314310676984308,33600932.391999997,179.49155257000001,0,1
32905873.061999999,1.0427241951859456,34114041.524999999,179.42318802,0,1
33618641.061999999,1.0653104501609754,35103574.825000003,179.29094040999999,0,1
34331409.061999999,1.0878967051360053,36027131.968000002,179.16703215999999,0,1
35044177.061999999,1.1104829601110351,36856535.560000002,179.05536656999999,0,1
35756945.061999999,1.1330692150860648,37579731.704000004,178.95770221999999,0,1
36469713.061999999,1.1556554700610946,38197496.616999999,178.87405797,0,1
37182481.061999999,1.1782417250361243,38718522.741999999,178.80335701000001,0,1
38608017.061999999,1.2234142349861841,39468833.840000004,178.70129577,0,1
39447000,1.25,39829995.553999998,178.65206526,0,1
39469274,1.2507058204679697,39532245.223999999,178.64167671000001,0,1
39491548,1.2514116409359393,39528657.490999997,178.64428279000001,0,1
39513822,1.252117461403909,39525252.963,178.64500143999999,0,1
39558370,1.2535291023398485,39518630.130000003,178.64185219000001,0,1
39647466,1.2563523842117272,39505948.005000003,178.62322427000001,0,1
39825658,1.2619989479554845,39482165.556000002,178.55149244,0,1
40182042,1.2732920754429995,39438780.660999998,178.32084470999999,0,1
40538426,1.2845852029305143,39398482.642999999,178.03359257,0,1
41251194,1.3071714579055442,39325714.722000003,177.35365296000001,0,1
42676730,1.3523439678556037,39197714.571000002,175.93228151,0,1
45527802,1.442688987755723,38977019.663000003,173.44823844000001,0,1
47336400,1.5,38847223.546999998,172.04556529000001,0,1
47336421.751999997,1.5000006892792861,39098631.734999999,150.47056047000001,0,1
47336443.504000001,1.5000013785585722,39124605.560000002,138.85354135,0,1
47336487.008000001,1.5000027571171446,39146102.723999999,130.21161526,0,1
47336574.016000003,1.5000055142342892,39164345.251000002,126.23749087,0,1
47336748.031000003,1.5000110284368902,39177434.983000003,125.18891544,0,1
47337096.061999999,1.5000220568737799,39185786.682999998,125.02205763000001,0,1
47337792.125,1.5000441137792482,39191127.747000001,124.98855338,0,1
47338488.188000001,1.5000661706847163,39193627.068000004,124.97622004999999,0,1
47339184.25,1.5000882275584961,39195009.155000001,124.96984227999999,0,1
47339880.311999999,1.5001102844322762,39195825.954000004,124.96637599,0,1
47341272.438000001,1.5001543982432124,39196384.925999999,124.96368871999999,0,1
47344056.688000001,1.5002426258017088,39195811.482000001,124.96237834999999,0,1
47349625.188000001,1.500419080918701,39192146.166000001,124.96241859,0,1
47360762.188000001,1.500771991152686,39181491.572999999,124.964027,0,1
47383036.188000001,1.5014778116206555,39156347.832000002,124.96826077,0,1
47427584.188000001,1.502889452556595,39102144.604000002,124.97751314999999,0,1
47516680.188000001,1.5057127344284738,38989963.108000003,124.99669202,0,1
47694872.188000001,1.511359298172231,38761342.946999997,125.03577504,0,1
48051256.188000001,1.522652425659746,38297411.950999998,125.11504204000001,0,1
48229448.188000001,1.5282989894035035,38067518.965999998,125.15429913,0,1
48585832.188000001,1.5395921168910183,37602918.604000002,125.23358953,0,1
49298600.188000001,1.5621783718660482,36695477.848999999,125.38827947999999,0,1
49654984.188000001,1.573471499353563,36256232.998999998,125.46307212000001,0,1
50367752.188000001,1.5960577543285928,35447950.901000001,125.60055724,0,1
51793288.188000001,1.6412302642786525,34201990.884999998,125.81211739,0,1
54644360.188000001,1.7315752841787715,32804438.596999999,126.04887427,0,1
55225800,1.75,32562982.603,126.08972018999999,0,1
55248074,1.7507058204679697,32168670.170000002,126.08489394999999,0,1
55270348,1.7514116409359393,32169351.434,126.09088559999999,0,1
55292622,1.752117461403909,32170183.714000002,126.09568609999999,0,1
55314896,1.7528232818718787,32170991.517000001,126.09993454000001,0,1
55359444,1.754234922807818,32172540.565000001,126.10800484000001,0,1
55448540,1.7570582046796968,32175396.914000001,126.1262184,0,1
55626732,1.7627047684234542,32180318.789000001,126.17490601999999,0,1
55983116,1.7739978959109692,32187923.054000001,126.31068316,0,1
56695884,1.796584150885999,32197928.221000001,126.65601066000001,0,1
58121420,1.8417566608360585,32208361.949000001,127.38254834999999,0,1
59546956,1.886929170786118,32213972.719999999,128.05220335000001,0,1
62398028,1.9772741906862372,32217505.93,129.07863460999999,0,1
63115200,2,32218090.877999999,129.31718284999999,0,1
63115243.504000001,2.0000013785585722,32547995.796,161.09639189999999,0,1
63115287.008000001,2.0000027571171444,32564400.219000001,172.80957063,0,1
63115374.016000003,2.0000055142342892,32568887.629999999,178.04506115000001,0,1
63115548.031000003,2.0000110284368899,32567378.864,179.36704262000001,0,1
63115896.061999999,2.0000220568737799,32563639.149,179.56256847,0,1
63116244.093999997,2.0000330853423578,32561378.445999999,179.58943153999999,0,1
63116592.125,2.0000441137792482,32559934.122000001,179.60108724,0,1
63117288.188000001,2.000066170684716,32558301.037,179.61332368000001,0,1
63118680.311999999,2.0001102844322762,32556967.671999998,179.62296595999999,0,1
63121464.561999999,2.0001985119907726,32556994.568,179.62785851000001,0,1
63127033.061999999,2.0003749671077649,32560437.390999999,179.62910435000001,0,1
63138170.061999999,2.0007278773417498,32571261.798999999,179.62814398,0,1
63160444.061999999,2.0014336978097194,32597175.923999999,179.62483057,0,1
63204992.061999999,2.0028453387456588,32653713.274999999,179.61736468999999,0,1
63294088.061999999,2.0056686206175374,32772066.305,179.60167756999999,0,1
63472280.061999999,2.0113151843612949,33014827.375,179.56946421000001,0,1
63561376.061999999,2.0141384662331734,33139048.533,179.55296745000001,0,1
63739568.061999999,2.0197850299769309,33387724.394000001,179.51991649999999,0,1
63828664.061999999,2.0226083118488098,33513444.478999998,179.50319436000001,0,1
64006856.061999999,2.0282548755925673,33764533.288000003,179.46977050999999,0,1
64363240.061999999,2.0395480030800819,34266005.832000002,179.40291303000001,0,1
64541432.061999999,2.0451945668238394,34518781.491999999,179.36916034999999,0,1
64897816.061999999,2.0564876943113544,35018217.998999998,179.30236905000001,0,1
65610584.061999999,2.0790739492863843,35958543.494000003,179.1762501,0,1
66323352.061999999,2.1016602042614139,36814456.362000003,179.0610408,0,1
67036120.061999999,2.1242464592364438,37567473.811999999,178.95936008999999,0,1
67748888.062000006,2.1468327142114738,38214138.196000002,178.87180219999999,0,1
68461656.062000006,2.1694189691865038,38760950.310000002,178.79759381,0,1
69174424.062000006,2.1920052241615333,39219450.618000001,178.73525068999999,0,1
70599960.062000006,2.2371777341115928,39878819.855999999,178.64540504000001,0,1
71004600,2.25,40048194.957000002,178.62228999000001,0,1
71026874,2.2507058204679695,39750554.285999998,178.61194599000001,0,1
71049148,2.2514116409359395,39747141.814000003,178.61464459000001,0,1
71071422,2.252117461403909,39743910.497000001,178.61549969999999,0,1
71115970,2.2535291023398485,39737630.327,178.61278793,0,1
71205066,2.256352384211727,39725624.144000001,178.59562890999999,0,1
71383258,2.2619989479554845,39703177.306000002,178.52873528999999,0,1
71739642,2.2732920754429995,39662458.438000001,178.31271896999999,0,1
72096026,2.2845852029305145,39624840.457999997,178.04327047000001,0,1
72808794,2.307171457905544,39557528.333999999,177.40457189,0,1
74234330,2.3523439678556035,39440571.049000002,176.06818777999999,0,1
77085402,2.442688987755723,39240859.781999998,173.73446057999999,0,1
78894000,2.5,39123651.846000001,172.41822353000001,0,1
78894021.752000004,2.5000006892792861,39374830.792999998,150.65486376999999,0,1
78894043.503999993,2.5000013785585722,39400797.456,138.93507284,0,1
78894087.008000001,2.5000027571171444,39422300.472000003,130.21450386999999,0,1
78894174.016000003,2.5000055142342892,39440556.891999997,126.20281602,0,1
78894348.031000003,2.5000110284368899,39453664.853,125.1438959,0,1
78894696.062000006,2.5000220568737803,39462033.839000002,124.97533966,0,1
78895392.125,2.5000441137792482,39467383.593999997,124.94151720000001,0,1
78896088.187999994,2.500066170684716,39469882.256999999,124.92907746,0,1
78896784.25,2.5000882275584964,39471258.832000002,124.92264765,0,1
78897480.312000006,2.5001102844322762,39472067.32,124.91915473,0,1
78898872.437999994,2.5001543982432124,39472603.670000002,124.91644995999999,0,1
78901656.687999994,2.5002426258017083,39471975.956,124.91513746,0,1
78907225.187999994,2.500419080918701,39468189.125,124.91519395,0,1
78918362.187999994,2.5007719911526856,39457276.520000003,124.91684551,0,1
78940636.187999994,2.5014778116206555,39431605.222000003,124.92117090000001,0,1
78985184.187999994,2.5028894525565946,39376352.322999999,124.93060689000001,0,1
79074280.187999994,2.5057127344284735,39262126.733999997,124.95014403,0,1
79252472.187999994,2.511359298172231,39029605.093000002,124.98991171,0,1
79608856.187999994,2.5226524256597456,38558422.489,125.07045291999999,0,1
79787048.187999994,2.5282989894035031,38325061.475000001,125.11031936000001,0,1
80143432.187999994,2.539592116891018,37853880.471000001,125.19076687,0,1
80856200.187999994,2.562178371866048,36934382.424999997,125.3475766,0,1
81212584.187999994,2.573471499353563,36489414.519000001,125.42337396000001,0,1
81925352.187999994,2.5960577543285925,35670582.711000003,125.56270753,0,1
83350888.187999994,2.641230264278652,34406995.273000002,125.7773397,0,1
84776424.187999994,2.6864027742287115,33489959.853,125.93281379,0,1
86783400,2.75,32672696.149999999,126.07116288,0,1
86827948,2.7514116409359395,32279354.340999998,126.07161383,0,1
86872496,2.7528232818718785,32281230.339000002,126.08129108,0,1
86917044,2.754234922807818,32283123.436999999,126.08996509000001,0,1
87006140,2.757058204679697,32286657.344999999,126.10898951,0,1
87184332,2.7627047684234545,32292893.969000001,126.15958768,0,1
87540716,2.773997895910969,32302976.162,126.30135061999999,0,1
88253484,2.796584150885999,32317417.761,126.66538801,0,1
89679020,2.8417566608360585,32335208.809999999,127.44327255,0,1
92530092,2.9321016807361775,32353738.5,128.73849539,0,1
94672800,3,32362899.993000001,129.53911463,0,1
94672843.503999993,3.0000013785585722,32692637.385000002,161.16374243000001,0,1
94672887.008000001,3.0000027571171444,32709062.103999998,172.82116615999999,0,1
94672974.016000003,3.0000055142342892,32713572.192000002,178.03273193999999,0,1
94673148.031000003,3.0000110284368899,32712081.732999999,179.3489883,0,1
94673496.062000006,3.0000220568737803,32708354.061999999,179.54371241999999,0,1
94673844.093999997,3.0000330853423578,32706097.940000001,179.57046102999999,0,1
94674192.125,3.0000441137792482,32704655.609000001,179.58206128,0,1
94674888.187999994,3.000066170684716,32703023.449999999,179.59423493,0,1
94676280.312000006,3.0001102844322762,32701687.449000001,179.60382498000001,0,1
94679064.562000006,3.0001985119907726,32701704.524,179.60869023000001,0,1
94684633.062000006,3.0003749671077649,32705123.409000002,179.60992873999999,0,1
94695770.062000006,3.0007278773417498,32715891.702,179.60897205000001,0,1
94706907.062000006,3.0010807875757348,32728364.839000002,179.60741942999999,0,1
94729181.062000006,3.0017866080437043,32755409.594999999,179.60387034999999,0,1
94773729.062000006,3.0031982489796438,32812592.973000001,179.59629802000001,0,1
94862825.062000006,3.0060215308515223,32931046.412999999,179.58058448,0,1
95041017.062000006,3.0116680945952798,33173222.616999999,179.54842699,0,1
95397401.062000006,3.0229612220827948,33664937.25,179.48303217,0,1
95753785.062000006,3.0342543495703098,34163496.094999999,179.41659096999999,0,1
96466553.062000006,3.0568406045453393,35138720.060999997,179.28623347000001,0,1
97179321.062000006,3.0794268595203693,36065150.718999997,179.16192161999999,0,1
97892089.062000006,3.1020131144953993,36911014.494000003,179.04801922999999,0,1
98604857.062000006,3.1245993694704288,37658609.726999998,178.94703369000001,0,1
99317625.062000006,3.1471856244454588,38303444.294,178.85969312,0,1
100030393.06,3.1697718793571124,38850572.835000001,178.78541634999999,0,1
101455929.06,3.2149443893071719,39640508.079000004,178.67790332000001,0,1
102562200,3.25,40113989.409000002,178.61330702999999,0,1
102606748,3.2514116409359395,39813161.471000001,178.6042247,0,1
102651296,3.2528232818718785,39806859.958999999,178.60436003000001,0,1
102740392,3.2556465637437575,39795000.685000002,178.59083616000001,0,1
102918584,3.261293127487515,39772958.004000001,178.52964248000001,0,1
103096776,3.2669396912312725,39752208.601999998,178.44309792999999,0,1
103453160,3.278232818718787,39714336.685000002,178.20453674999999,0,1
103809544,3.289525946206302,39679245.980999999,177.92353148999999,0,1
104522312,3.312112201181332,39616390.388999999,177.28521581999999,0,1
105947848,3.3572847111313915,39507479.347999997,175.98494743000001,0,1
108798920,3.4476297310315105,39322667.167000003,173.74673418,0,1
110451600,3.5,39223362.162,172.5864885,0,1
110451621.75,3.5000006892159101,39474453.769000001,150.73936498,0,1
110451643.5,3.5000013784318198,39500419.887999997,138.97416849999999,0,1
110451687.01000001,3.5000027571805208,39521929.049999997,130.21914658,0,1
110451774.02,3.5000055143610411,39540196.545999996,126.19116208,0,1
110451948.03,3.500011028405202,39553317.920000002,125.12779673,0,1
110452296.06,3.5000220568104039,39561700.288999997,124.95851473,0,1
110452992.12,3.5000441136208078,39567063.338,124.92455433000001,0,1
110453688.19,3.5000661707480925,39569570.946000002,124.91206753,0,1
110454384.25,3.5000882275584964,39570954.284000002,124.90561413,0,1
110455080.31,3.5001102843689003,39571768.322999999,124.90210851000001,0,1
110456472.44,3.5001543983065884,39572313.299999997,124.89939341,0,1
110459256.69,3.5002426258650847,39571699.048,124.89807392,0,1
110464825.19,3.500419080982077,39567933.888999999,124.89812483,0,1
110475962.19,3.500771991216062,39557058.795000002,124.89976953,0,1
110498236.19,3.5014778116840315,39531457.916000001,124.90408336,0,1
110542784.19,3.502889452619971,39476345.859999999,124.91349672,0,1
110631880.19,3.5057127344918499,39362411.982000001,124.93298713,0,1
110810072.19,3.511359298235607,39130495.281999998,124.97265788999999,0,1
111166456.19,3.522652425723122,38660515.781999998,125.05300688,0,1
111344648.19,3.5282989894668795,38427751.272,125.09277815,0,1
111701032.19,3.5395921169543945,37957665.961000003,125.17305235000001,0,1
112413800.19,3.5621783719294244,37039833.401000001,125.32960545,0,1
112770184.19,3.573471499416939,36595549.537,125.40529979,0,1
113482952.19,3.596057754391969,35777556.347000003,125.54451584,0,1
114908488.19,3.6412302643420285,34514132.979000002,125.75915959,0,1
117759560.19,3.7315752842421475,33087650.568,126.00094300000001,0,1
118341000,3.75,32840578.225000001,126.04275964999999,0,1
118363274,3.7507058204679695,32446433.432999998,126.03797114,0,1
118385548,3.7514116409359395,32447405.370000001,126.04406355,0,1
118407822,3.752117461403909,32448528.925000001,126.0490056,0,1
118452370,3.7535291023398485,32450695.943999998,126.0577358,0,1
118541466,3.756352384211727,32454757.949999999,126.07693229,0,1
118719658,3.7619989479554845,32461983.381999999,126.12911889,0,1
119076042,3.7732920754429995,32473839.175999999,126.27834145999999,0,1
119788810,3.7958783304180295,32491284.842,126.66607261,0,1
121214346,3.841050840368089,32513794.302000001,127.50006224000001,0,1
124065418,3.931395860268208,32539035.912,128.89819009999999,0,1
126230400,4,32552346.214000002,129.7745515,0,1
126230443.5,4.0000013784318202,32881874.000999998,161.23137843999999,0,1
126230487.01000001,4.0000027571805212,32898306.936999999,172.82875462999999,0,1
126230574.02,4.0000055143610416,32902819.669,178.01482393000001,0,1
126230748.03,4.0000110284052024,32901325.647999998,179.32505928,0,1
126231096.06,4.0000220568104039,32897593.960000001,179.51895189000001,0,1
126231444.09,4.0000330852156063,32895333.796999998,179.54558186,0,1
126231792.12,4.0000441136208078,32893886.721999999,179.55712453999999,0,1
126232488.19,4.0000661707480925,32892242.333999999,179.56923406999999,0,1
126233880.31,4.0001102843689003,32890877.451000001,179.57877314999999,0,1
126236664.56,4.0001985119273966,32890829.572999999,179.58361729999999,0,1
126242233.06,4.0003749670443884,32894107.545000002,179.58486352,0,1
126253370.06,4.0007278772783739,32904582.342999998,179.58394165000001,0,1
126264507.06,4.0010807875123584,32916756.504999999,179.58242675,0,1
126275644.06,4.0014336977463429,32929746.473000001,179.58073259,0,1
126297918.06,4.0021395182143129,32956978.842,179.57713292,0,1
126342466.06,4.0035511591502519,33013629.456,179.56961906999999,0,1
126431562.06,4.0063744410221309,33130220.899,179.55413831000001,0,1
126520658.06,4.0091977228940099,33249415.118000001,179.53830221000001,0,1
126698850.06,4.0148442866377669,33489833.949000001,179.50633490000001,0,1
127055234.06,4.0261374141252819,33975397.068000004,179.44167411000001,0,1
127768002.06,4.0487236691003119,34941720.604999997,179.31260777,0,1
128480770.06,4.0713099240753419,35876013.457000002,179.18733818000001,0,1
129193538.06,4.0938961790503718,36742112.055,179.07079372999999,0,1
129906306.06,4.1164824340254009,37516973.972000003,178.96618859,0,1
130619074.06,4.1390686890004309,38191240.322999999,178.87490646000001,0,1
131331842.06,4.1616549439754609,38766561.517999999,178.79683170999999,0,1
132757378.06,4.2068274539255208,39599568.774999999,178.68348330000001,0,1
134119800,4.25,40183544.226000004,178.60380821999999,0,1
134142074,4.25070582046797,39885945.038000003,178.59349158000001,0,1
134164348,4.251411640935939,39882656.726999998,178.59625198000001,0,1
134186622,4.252117461403909,39879548.605999999,178.5971902,0,1
134231170,4.253529102339848,39873513.447999999,178.59473169,0,1
134320266,4.256352384211727,39861996.028999999,178.57840653,0,1
134498458,4.261998947955485,39840534.903999999,178.51429311000001,0,1
134676650,4.267645511699242,39820315.465000004,178.42628875,0,1
135033034,4.278938639186757,39783419.387000002,178.18826498999999,0,1
135389418,4.290231766674272,39749263.866999999,177.91010001000001,0,1
136102186,4.3128180216493019,39688245.501999997,177.28240224999999,0,1
137527722,4.357990531599361,39583117.111000001,176.01007598999999,0,1
140378794,4.44833555149948,39406309.832000002,173.82789797999999,0,1
142009200,4.5,39312926.858999997,172.71193635,0,1
142009221.75,4.5000006892159101,39563965.704999998,150.80143032999999,0,1
142009243.5,4.5000013784318202,39589932.876000002,139.00176327,0,1
142009287.00999999,4.5000027571805203,39611446.675999999,130.22047375,0,1
142009374.02000001,4.5000055143610416,39629720.681000002,126.18000012,0,1
142009548.03,4.5000110284052024,39642849.376999997,125.11321049999999,0,1
142009896.06,4.5000220568104039,39651238.674999997,124.94336756,0,1
142010592.12,4.5000441136208078,39656607.085000001,124.90930157,0,1
142011288.19,4.5000661707480925,39659117.035999998,124.89677938,0,1
142011984.25,4.5000882275584964,39660501.193999998,124.89030859,0,1
142012680.31,4.5001102843689003,39661315.215999998,124.88679392,0,1
142014072.44,4.5001543983065888,39661858.461999997,124.88407227,0,1
142016856.69,4.5002426258650843,39661238.189000003,124.88275019,0,1
142022425.19,4.500419080982077,39657457.419,124.88280233,0,1
142033562.19,4.5007719912160624,39646547.159999996,124.88445274999999,0,1
142055836.19,4.5014778116840315,39620873.509999998,124.88877947,0,1
142100384.19,4.5028894526199714,39565619.314000003,124.89821848,0,1
142189480.19,4.5057127344918495,39451421.497000001,124.91775689000001,0,1
142367672.19,4.5113592982356074,39219041.920999996,124.95751262,0,1
142724056.19,4.5226524257231224,38748313.935000002,125.03800126,0,1
142902248.19,4.5282989894668795,38515214.123000003,125.07783559000001,0,1
143258632.19,4.5395921169543945,38044558.428999998,125.15821882,0,1
143971400.19,4.5621783719294244,37125803.457000002,125.31495191,0,1
144327784.19,4.5734714994169394,36681096.120999999,125.39072933,0,1
145040552.19,4.5960577543919685,35862351.865000002,125.53009333999999,0,1
145753320.19,4.6186440093669985,35138240.088,125.65318784,0,1
147178856.19,4.6638165193170584,34062519.105999999,125.83577145,0,1
149898600,4.75,32904040.611000001,126.03202056000001,0,1
149943148,4.751411640935939,32511096.311999999,126.03261559000001,0,1
149987696,4.752823281871879,32513404.173999999,126.04258754999999,0,1
150032244,4.754234922807818,32515727.258000001,126.05168952,0,1
150121340,4.757058204679697,32520103.754999999,126.07206546,0,1
150299532,4.762704768423454,32527963.081,126.12699550000001,0,1
150655916,4.773997895910969,32541080.182,126.28186871,0,1
151368684,4.796584150885999,32560939.166999999,126.68122215,0,1
152794220,4.8417566608360589,32587736.934,127.54011955,0,1
155645292,4.9321016807361779,32619858.131000001,128.98904954,0,1
157788000,5,32637501.581,129.89485723000001,0,1
157788043.5,5.0000013784318202,32966927.978999998,161.26731816,0,1
157788087.00999999,5.0000027571805203,32983366.434,172.83426424000001,0,1
157788174.02000001,5.0000055143610416,32987886.041999999,178.00727236,0,1
157788348.03,5.0000110284052024,32986398.000999998,179.3143814,0,1
157788696.06,5.0000220568104039,32982671.829,179.50783605000001,0,1
157789044.09,5.0000330852156063,32980414.574000001,179.53440362000001,0,1
157789392.12,5.0000441136208078,32978969.210000001,179.54591625,0,1
157790088.19,5.0000661707480925,32977326.627,179.55799192000001,0,1
157791480.31,5.0001102843689003,32975961.423,179.56750299000001,0,1
157794264.56,5.0001985119273966,32975909.748,179.57233242000001,0,1
157799833.06,5.0003749670443884,32979173.162,179.57357497999999,0,1
157810970.06,5.0007278772783739,32989612.526999999,179.57265577999999,0,1
157833244.06,5.0014336977463429,33014731.348000001,179.56944002,0,1
157877792.06,5.0028453386822829,33069666.809,179.56217330000001,0,1
157922340.06,5.0042569796182219,33127041.102000002,179.55455866,0,1
158011436.06,5.0070802614901009,33244154.478,179.53900062,0,1
158189628.06,5.0127268252338579,33482208.414000001,179.50734908999999,0,1
158367820.06,5.0183733889776159,33724267.151000001,179.47513240999999,0,1
158724204.06,5.0296665164651309,34210907.902999997,179.41026524,0,1
159080588.06,5.040959643952645,34701574.681000002,179.34473029,0,1
159793356.06,5.0635458989276749,35652945.262999997,179.21728984999999,0,1
160506124.06,5.0861321539027049,36546233.042999998,179.09718677000001,0,1
161218892.06,5.1087184088777349,37352737.193000004,178.98838685000001,0,1
161931660.06,5.1313046638527648,38058727.343999997,178.89286493,0,1
162644428.06,5.1538909188277939,38663159.803999998,178.81087675000001,0,1
164069964.06,5.1990634287778539,39539150.373000003,178.69171660999999,0,1
165495500.06,5.2442359387279138,40173029.351000004,178.60524443,0,1
165677400,5.25,40250516.567000002,178.59465974,0,1
165721948,5.251411640935939,39949780.028999999,178.58567399,0,1
165766496,5.252823281871879,39943618.277000003,178.58600278,0,1
165855592,5.255646563743757,39932029.184,178.57319484000001,0,1
166033784,5.261293127487515,39910512.784000002,178.51450525999999,0,1
166390168,5.27258625497503,39871859.853,178.31645571000001,0,1
166746552,5.283879382462545,39836458.090000004,178.06652955000001,0,1
167459320,5.306465637437574,39774057.145000003,177.47078780999999,0,1
168884856,5.351638147387634,39668273.739,176.22429701999999,0,1
171735928,5.441983167287753,39493531.744999997,174.05738682,0,1
173566800,5.5,39391493.832999997,172.82623054000001,0,1
173566821.75,5.5000006892159101,39642490.202,150.85815248,0,1
173566843.5,5.5000013784318202,39668458.309,139.02720543000001,0,1
173566887.00999999,5.5000027571805203,39689975.079000004,130.22210240999999,0,1
173566974.02000001,5.5000055143610416,39708252.899999999,126.1703206,0,1
173567148.03,5.5000110284052024,39721385.141999997,125.10043444,0,1
173567496.06,5.5000220568104039,39729777.781000003,124.93008460999999,0,1
173568192.12,5.5000441136208078,39735147.696000002,124.89592327,0,1
173568888.19,5.5000661707480925,39737656.978,124.88336939,0,1
173569584.25,5.5000882275584964,39739039.259999998,124.8768833,0,1
173570280.31,5.5001102843689003,39739850.732000001,124.87336089,0,1
173571672.44,5.5001543983065888,39740387.489,124.87063422,0,1
173574456.69,5.5002426258650843,39739752.152000003,124.86931147999999,0,1
173580025.19,5.500419080982077,39735938.288000003,124.86936799,0,1
173591162.19,5.5007719912160624,39724958.585000001,124.87103001,0,1
173613436.19,5.5014778116840315,39699144.222000003,124.87538121999999,0,1
173657984.19,5.5028894526199714,39643612.204000004,124.88486895,0,1
173747080.19,5.5057127344918495,39528878.806000002,124.90450151,0,1
173925272.19,5.5113592982356074,39295495.905000001,124.94443391999999,0,1
174281656.19,5.5226524257231224,38822980.031000003,125.02523832,0,1
174459848.19,5.5282989894668795,38589041.348999999,125.06522090999999,0,1
174816232.19,5.5395921169543945,38116885.446000002,125.14587013000001,0,1
175529000.19,5.5621783719294244,37195726.816,125.30303193,0,1
175885384.19,5.5734714994169394,36749962.987999998,125.37899826,0,1
176598152.19,5.5960577543919685,35929561.719999999,125.51866043,0,1
177310920.19,5.6186440093669985,35204181.553000003,125.64198457000001,0,1
178023688.19,5.6412302643420285,34579820.976000004,125.74801145000001,0,1
178736456.19,5.6638165193170584,34053141.431000002,125.83736172,0,1
180161992.19,5.7089890292671175,33305600.690000001,125.96404042,0,1
181456200,5.75,32816199.831999999,126.04688489,0,1
181500748,5.751411640935939,32423321.043000001,126.04741318000001,0,1
181545296,5.752823281871879,32425796.864999998,126.05723274,0,1
181589844,5.754234922807818,32428290.390999999,126.06609587,0,1
181678940,5.757058204679697,32433015.936000001,126.08566999999999,0,1
181857132,5.762704768423454,32441595.543000001,126.1380121,0,1
182213516,5.773997895910969,32456190.386999998,126.28571371,0,1
182926284,5.796584150885999,32478975.960000001,126.67010701,0,1
184351820,5.8417566608360589,32511179.157000002,127.51014219,0,1
185777356,5.886929170786118,32535643.945999999,128.31042532999999,0,1
188628428,5.977274190686237,32569375.881999999,129.60039269000001,0,1
189345600,6,32577156.112,129.90461071999999,0,1
189345621.75,6.0000006892159101,32893933.794,152.83548195,0,1
189345643.5,6.0000013784318202,32915225.355999999,165.21196345000001,0,1
189345687.00999999,6.0000027571805203,32924918.949999999,174.28354558000001,0,1
189345774.02000001,6.0000055143610416,32928047.866999999,178.33628417,0,1
189345948.03,6.0000110284052024,32926213.864999998,179.36250874999999,0,1
189346296.06,6.0000220568104039,32922438.348000001,179.51852227000001,0,1
189346644.09,6.0000330852156063,32920190.778000001,179.54259052,0,1
189346992.12,6.0000441136208078,32918758.414999999,179.55393165000001,0,1
189347688.19,6.0000661707480925,32917139.195999999,179.56598826999999,0,1
189349080.31,6.0001102843689003,32915817.693,179.57548924,0,1
189351864.56,6.0001985119273966,32915853.048999999,179.58030500999999,0,1
189357433.06,6.0003749670443884,32919293.754000001,179.58152344999999,0,1
189368570.06,6.0007278772783739,32930089.134,179.58055719000001,0,1
189390844.06,6.0014336977463429,32955920.164000001,179.57724768,0,1
189435392.06,6.0028453386822829,33012271.173,179.56979479,0,1
189479940.06,6.0042569796182219,33071049.263,179.56199555000001,0,1
189569036.06,6.0070802614901009,33190911.416999999,179.54607591000001,0,1
189747228.06,6.0127268252338579,33434207.237,179.51373418,0,1
189925420.06,6.0183733889776159,33681249.001999997,179.48086047000001,0,1
190281804.06,6.0296665164651309,34176813.798,179.41481421,0,1
190638188.06,6.040959643952645,34675431.794,179.34822543999999,0,1
190994572.06,6.0522527714401599,35172071.707999997,179.28176639,0,1
191707340.06,6.0748390264151899,36112841.195,179.15550998000001,0,1
192420108.06,6.0974252813902199,36975473.159999996,179.03932391999999,0,1
193132876.06,6.1200115363652499,37739176.512000002,178.93613331,0,1
193845644.06,6.1425977913402798,38397879.667000003,178.84688414999999,0,1
194558412.06,6.1651840463153089,38956153.685000002,178.7710653,0,1
195983948.06,6.2103565562653689,39759683.009999998,178.66165551,0,1
197235000,6.25,40287298.980999999,178.58963424000001,0,1
197257274,6.25070582046797,39989682.965000004,178.57933786000001,0,1
197279548,6.251411640935939,39986414.792999998,178.58213835000001,0,1
197301822,6.252117461403909,39983325.630999997,178.58313959,0,1
197346370,6.253529102339848,39977326.208999999,178.58088896999999,0,1
197435466,6.256352384211727,39965876.329000004,178.56526890000001,0,1
197613658,6.261998947955485,39944549.659999996,178.50347551999999,0,1
197970042,6.273292075442999,39906164.350000001,178.30326604000001,0,1
198326426,6.284585202930514,39870990.211999997,178.05351870000001,0,1
199039194,6.307171457905544,39809032.445,177.46249976999999,0,1
200464730,6.352343967855604,39704330.626999997,176.23041229,0,1
203315802,6.442688987755723,39532560.920999996,174.09201480999999,0,1
205124400,6.5,39433830.598999999,172.89077764999999,0,1
205124421.75,6.5000006892159101,39684804.523000002,150.89022032,0,1
205124443.5,6.5000013784318202,39710774.681000002,139.04168175999999,0,1
205124487.00999999,6.5000027571805203,39732293.920000002,130.22324393,0,1
205124574.02000001,6.5000055143610416,39750574.211000003,126.16516106,0,1
205124748.03,6.5000110284052024,39763708.813000001,125.09355785,0,1
205125096.06,6.5000220568104039,39772103.788000003,124.92292767000001,0,1
205125792.12,6.5000441136208078,39777475.802000001,124.88871315,0,1
205126488.19,6.5000661707480925,39779986.086000003,124.87614146999999,0,1
205127184.25,6.5000882275584964,39781368.704000004,124.86964673999999,0,1
205127880.31,6.5001102843689003,39782180.122000001,124.8661199,0,1
205129272.44,6.5001543983065888,39782716.006999999,124.86339009,0,1
205132056.69,6.5002426258650843,39782077.721000001,124.86206614,0,1
205137625.19,6.500419080982077,39778256.336000003,124.86212328000001,0,1
205148762.19,6.5007719912160624,39767259.931999996,124.86378802,0,1
205171036.19,6.5014778116840315,39741411.398999996,124.86814529999999,0,1
205215584.19,6.5028894526199714,39685813.158,124.877645,0,1
205304680.19,6.5057127344918495,39570957.219999999,124.89729987,0,1
205482872.19,6.5113592982356074,39337360.989,124.93727153,0,1
205839256.19,6.5226524257231224,38864520.607000001,125.01813697,0,1
206017448.19,6.5282989894668795,38630444.270000003,125.05814581999999,0,1
206373832.19,6.5395921169543945,38158099.574000001,125.13883282,0,1
207086600.19,6.5621783719294244,37236851.761,125.29602063999999,0,1
207442984.19,6.5734714994169394,36791107.788999997,125.37198884,0,1
208155752.19,6.5960577543919685,35970942.310999997,125.51162063,0,1
208868520.19,6.6186440093669985,35245936.473999999,125.63488988,0,1
209581288.19,6.6412302643420285,34622035.956,125.74084628999999,0,1
210294056.19,6.6638165193170584,34095855.336000003,125.83011849,0,1
211719592.19,6.7089890292671175,33349220.636,125.95665318,0,1
213013800,6.75,32860448.32,126.03939764,0,1
213058348,6.751411640935939,32467677.734000001,126.03995046,0,1
213102896,6.752823281871879,32470272.118000001,126.0498183,0,1
213147444,6.754234922807818,32472884.100000001,126.05874957,0,1
213236540,6.757058204679697,32477844.493000001,126.07853344999999,0,1
213414732,6.762704768423454,32486885.557999998,126.13154107,0,1
213771116,6.773997895910969,32502371.530999999,126.28128982,0,1
214483884,6.796584150885999,32526822.607000001,126.67148872,0,1
215909420,6.8417566608360589,32561965.541000001,127.52605978,0,1
218760492,6.9321016807361779,32607954.454999998,129.00207649999999,0,1
220903200,7,32634749.166000001,129.93843271,0,1
220903243.5,7.0000013784318202,32964155.447999999,161.28429649,0,1
220903287.00999999,7.0000027571805203,32980600.741,172.84095697000001,0,1
220903374.02000001,7.0000055143610416,32985140.403999999,178.00915996000001,0,1
220903548.03,7.0000110284052024,32983678.754000001,179.31500181999999,0,1
220903896.06,7.0000220568104039,32979977.541000001,179.50826151999999,0,1
220904244.09,7.0000330852156063,32977736.188999999,179.53480132999999,0,1
220904592.12,7.0000441136208078,32976303.732999999,179.54630111,0,1
220905288.19,7.0000661707480925,32974684.296999998,179.55836135999999,0,1
220906680.31,7.0001102843689003,32973361.649,179.56785646,0,1
220909464.56,7.0001985119273966,32973391.026000001,179.57266960999999,0,1
220915033.06,7.0003749670443884,32976821.493000001,179.57388804999999,0,1
220926170.06,7.0007278772783739,32987591.802000001,179.57292439,0,1
220948444.06,7.0014336977463429,33013367.916999999,179.56962125000001,0,1
220992992.06,7.0028453386822829,33069603.956,179.56218181,0,1
221037540.06,7.0042569796182219,33128263.576000001,179.55439643,0,1
221126636.06,7.0070802614901009,33247887.204,179.53850469,0,1
221304828.06,7.0127268252338579,33490702.109999999,179.50621928999999,0,1
221483020.06,7.0183733889776159,33737253.504000001,179.47340319,0,1
221661212.06,7.0240199527213729,33985735.314999998,179.44029613000001,0,1
222017596.06,7.0353130802088879,34482321.445,179.37403075,0,1
222373980.06,7.0466062076964029,34979683.436999999,179.30752713999999,0,1
222730364.06,7.0578993351839179,35472735.586999997,179.24146748000001,0,1
223086748.06,7.0691924626714329,35956043.754000001,179.17658617999999,0,1
223799516.06,7.0917787176464628,36842365.696000002,179.05727776000001,0,1
224512284.06,7.1143649726214919,37630658.038999997,178.95081497999999,0,1
225225052.06,7.1369512275965219,38312138.75,178.85851427,0,1
225937820.06,7.1595374825715519,38890155.259000003,178.78003699000001,0,1
226650588.06,7.1821237375465818,39374956.148999996,178.71408206999999,0,1
228076124.06,7.2272962474966409,40069427.167000003,178.61939172000001,0,1
228792600,7.25,40362204.747000001,178.57939787000001,0,1
228814874,7.25070582046797,40064584.195,178.56911357000001,0,1
228837148,7.251411640935939,40061324.776000001,178.57193398000001,0,1
228859422,7.252117461403909,40058243.074000001,178.57297116999999,0,1
228903970,7.253529102339848,40052255.722000003,178.57084624999999,0,1
228993066,7.256352384211727,40040822.111000001,178.55566267,0,1
229171258,7.261998947955485,40019509.420000002,178.49530720999999,0,1
229527642,7.273292075442999,39981118.656000003,178.29930098,0,1
229884026,7.284585202930514,39945925.865999997,178.05447959,0,1
230596794,7.307171457905544,39883945.061999999,177.47400469999999,0,1
232022330,7.352343967855604,39779391.273999996,176.26098868,0,1
234873402,7.442688987755723,39608677.659000002,174.15133306999999,0,1
236682000,7.5,39510873.093999997,172.96548540000001,0,1
236682021.75,7.5000006892159101,39761817.465999998,150.92581536,0,1
236682043.5,7.5000013784318202,39787789.037,139.05579302999999,0,1
236682087.00999999,7.5000027571805203,39809309.505999997,130.22077024000001,0,1
236682174.02000001,7.5000055143610416,39827589.781999998,126.15468525999999,0,1
236682348.03,7.5000110284052024,39840724.013999999,125.0808559,0,1
236682696.06,7.5000220568104039,39849117.935999997,124.90985783000001,0,1
236683392.12,7.5000441136208078,39854485.401000001,124.87557574,0,1
236684088.19,7.5000661707480925,39856989.733000003,124.86298232,0,1
236684784.25,7.5000882275584964,39858365.545999996,124.85647747,0,1
236685480.31,7.5001102843689003,39859169.675999999,124.85294592,0,1
236686872.44,7.5001543983065888,39859689.993000001,124.85021426,0,1
236689656.69,7.5002426258650843,39859019.056999996,124.84889348999999,0,1
236695225.19,7.500419080982077,39855130.116999999,124.84896125,0,1
236706362.19,7.5007719912160624,39843996.206,124.85064939,0,1
236728636.19,7.5014778116840315,39817871.920000002,124.85505431,0,1
236773184.19,7.5028894526199714,39761728.409000002,124.86464850999999,0,1
236862280.19,7.5057127344918495,39645811.865999997,124.88448735999999,0,1
237040472.19,7.5113592982356074,39410203.122000001,124.92480827999999,0,1
237396856.19,7.5226524257231224,38933720.057999998,125.00630621000001,0,1
237575048.19,7.5282989894668795,38697918.527000003,125.04661449,0,1
237931432.19,7.5395921169543945,38222460.623000003,125.12784216,0,1
238644200.19,7.5621783719294244,37296163.351000004,125.28590785999999,0,1
239000584.19,7.5734714994169394,36848187.450999998,125.36226392,0,1
239713352.19,7.5960577543919685,36024496.527999997,125.50250904000001,0,1
240426120.19,7.6186440093669985,35296775.844999999,125.62625092,0,1
241138888.19,7.6412302643420285,34670822.864,125.73256501,0,1
242564424.19,7.6864027742920884,33767463.585000001,125.88579249,0,1
243989960.19,7.7315752842421475,33131609.068999998,125.99350157000001,0,1
244571400,7.75,32911197.317000002,126.03080970000001,0,1
244593674,7.75070582046797,32517191.329,126.02602641,0,1
244615948,7.751411640935939,32518455.208000001,126.03213298,0,1
244638222,7.752117461403909,32519871.624000002,126.03708731,0,1
244682770,7.753529102339848,32522626.022999998,126.04582625,0,1
244771866,7.756352384211727,32527862.063999999,126.06497475,0,1
244950058,7.761998947955485,32537423.188000001,126.11694988000001,0,1
245306442,7.773292075442999,32553857.098999999,126.26633253999999,0,1
246019210,7.795878330418029,32579966.436000001,126.66015063,0,1
247444746,7.841050840368089,32617867.901999999,127.52867962000001,0,1
250295818,7.931395860268208,32668120.079999998,129.03657115999999,0,1
252460800,8,32697869.708000001,130.00431563000001,0,1
252460821.75,8.0000006892159092,33014521.291999999,152.87970311999999,0,1
252460843.5,8.0000013784318202,33035809.638999999,165.22704637000001,0,1
252460887.00999999,8.0000027571805212,33045504.741,174.27832504,0,1
252460974.02000001,8.0000055143610425,33048634.605,178.32263259999999,0,1
252461148.03,8.0000110284052024,33046802.497000001,179.34691106,0,1
252461496.06,8.0000220568104048,33043031.145,179.50265135000001,0,1
252461844.09,8.0000330852156054,33040786.114,179.52667307999999,0,1
252462192.12,8.0000441136208078,33039355.096999999,179.53798931,0,1
252462888.19,8.0000661707480916,33037736.043000001,179.5500184,0,1
252464280.31,8.0001102843688994,33036409.717,179.55949784000001,0,1
252467064.56,8.0001985119273957,33036429.802000001,179.56430402000001,0,1
252472633.06,8.0003749670443884,33039832.818,179.56552317000001,0,1
252483770.06,8.0007278772783739,33050543.572000001,179.56456628000001,0,1
252506044.06,8.0014336977463429,33076195.809,179.56127849999999,0,1
252528318.06,8.0021395182143138,33103806.693999998,179.55763497000001,0,1
252572866.06,8.0035511591502519,33161303.620999999,179.55000594000001,0,1
252617414.06,8.0049628000861919,33220396.679000001,179.54215690999999,0,1
252706510.06,8.00778608195807,33340169.791000001,179.52623829000001,0,1
252884702.06,8.0134326457018279,33582557.354999997,179.49399714,0,1
253062894.06,8.0190792094455858,33828388.398999996,179.46126448999999,0,1
253419278.06,8.0303723369330999,34321382.615999997,179.39552140999999,0,1
253775662.06,8.0416654644206158,34817243.512000002,179.32926216999999,0,1
254132046.06,8.0529585919081299,35310942.443000004,179.26315915000001,0,1
254488430.06,8.064251719395644,35797290.037,179.19791176000001,0,1
255201198.06,8.086837974370674,36697877.700999998,179.07675592000001,0,1
255913966.06,8.1094242293457039,37505801.004000001,178.96769939999999,0,1
256270350.06,8.1207173568332198,37885332.327,178.91635006000001,0,1
256983118.06,8.1433036118082498,38534184.026000001,178.82838778000001,0,1
257695886.06,8.1658898667832798,39081995.464000002,178.75395258,0,1
259121422.06,8.2110623767333379,39867416.380999997,178.64696121,0,1
260350200,8.25,40375298.163999997,178.57760830999999,0,1
260372474,8.2507058204679691,40077671.174999997,178.56732541,0,1
260394748,8.2514116409359399,40074422.623000003,178.57015103000001,0,1
260417022,8.252117461403909,40071351.487999998,178.57119341999999,0,1
260461570,8.2535291023398489,40065384.493000001,178.56908104999999,0,1
260550666,8.256352384211727,40053990.379000001,178.55393411,0,1
260728858,8.261998947955485,40032756.848999999,178.49370693,0,1
261085242,8.273292075442999,39994531.903999999,178.29821182000001,0,1
261441626,8.2845852029305149,39959512.824000001,178.05416263999999,0,1
262154394,8.3071714579055449,39897911.376999997,177.47614497000001,0,1
263579930,8.3523439678556031,39794244.880000003,176.27013692,0,1
266431002,8.442688987755723,39625744.589000002,174.17604295000001,0,1
268239600,8.5,39529488.273999996,172.99976674999999,0,1
268239621.75,8.5000006892159092,39780432.141000003,150.94296363999999,0,1
268239643.5,8.5000013784318202,39806406.659000002,139.06374829000001,0,1
268239687.00999999,8.5000027571805212,39827930.445,130.22183627000001,0,1
268239774.02000001,8.5000055143610425,39846214.081,126.15254121,0,1
268239948.03,8.5000110284052024,39859351.434,125.07784959,0,1
268240296.06,8.5000220568104048,39867748.395999998,124.90671193,0,1
268240992.12,8.5000441136208078,39873119.663999997,124.87240285999999,0,1
268241688.19,8.5000661707480916,39875627.071000002,124.85980019,0,1
268242384.25,8.5000882275584964,39877005.634000003,124.85329068,0,1
268243080.31,8.5001102843688994,39877812.343999997,124.84975654,0,1
268244472.44,8.5001543983065879,39878337.616999999,124.84702247,0,1
268247256.69,8.5002426258650843,39877676.244000003,124.84569925,0,1
268252825.19,8.500419080982077,39873806.038000003,124.84576348,0,1
268263962.19,8.5007719912160624,39862709.178000003,124.8474452,0,1
268286236.19,8.5014778116840315,39836658.799000002,124.85183755,0,1
268330784.19,8.5028894526199714,39780662.939999998,124.86140675999999,0,1
268419880.19,8.5057127344918495,39665040.689000003,124.88119584,0,1
268598072.19,8.5113592982356074,39430013.989,124.92141843,0,1
268954456.19,8.5226524257231215,38954658.895999998,125.00272615,0,1
269132648.19,8.5282989894668795,38719406.413999997,125.04294197999999,0,1
269489032.19,8.5395921169543936,38245004.957999997,125.12399212,0,1
270201800.19,8.5621783719294235,37320631.783,125.28173567,0,1
270558184.19,8.5734714994169394,36873557.090000004,125.35794131,0,1
271270952.19,8.5960577543919694,36051483.677000001,125.49791723,0,1
272696488.19,8.6412302643420293,34783786.513999999,125.7133874,0,1
274122024.19,8.6864027742920875,33863582.531999998,125.86950034,0,1
275547560.19,8.7315752842421475,33211030.151000001,125.98005483999999,0,1
276129000,8.75,32984299.975000001,126.0184376,0,1
276173548,8.7514116409359399,32591721.769000001,126.01906289999999,0,1
276218096,8.7528232818718781,32594504.32,126.02907891,0,1
276262644,8.754234922807818,32597303.285999998,126.03822586,0,1
276351740,8.7570582046796961,32602630.592999998,126.05869228,0,1
276529932,8.762704768423454,32612381.145,126.11387439000001,0,1
276886316,8.7739978959109699,32629208.886999998,126.27005542000001,0,1
277599084,8.7965841508859981,32656117.313000001,126.67679033,0,1
279024620,8.841756660836058,32695539.653999999,127.56686430000001,0,1
281875692,8.9321016807361779,32748386.129000001,129.1066735,0,1
284018400,9,32779596.351,130.08615015999999,0,1
284018443.5,9.0000013784318202,33108845.598000001,161.32423609,0,1
284018487.00999999,9.0000027571805212,33125288.816,172.84249657999999,0,1
284018574.01999998,9.0000055143610407,33129824.609000001,177.99448487000001,0,1
284018748.02999997,9.0000110284052006,33128357.894000001,179.29652521,0,1
284019096.06,9.0000220568104048,33124655.076000001,179.48926294,0,1
284019444.08999997,9.0000330852156054,33122412.951000001,179.51572780000001,0,1
284019792.12,9.0000441136208078,33120979.114,179.52719116,0,1
284020488.19,9.0000661707480916,33119354.813000001,179.53921119,0,1
284021880.31,9.0001102843688994,33118016.875,179.54867471,0,1
284024664.56,9.0001985119273957,33118010.458000001,179.55347458,0,1
284030233.06,9.0003749670443884,33121354.432999998,179.55469782,0,1
284041370.06,9.0007278772783739,33131940.931000002,179.5537559,0,1
284063644.06,9.0014336977463429,33157338.451000001,179.55050052000001,0,1
284085918.06,9.0021395182143138,33184691.842,179.54688991,0,1
284130466.06,9.0035511591502519,33241674.855,179.53932659,0,1
284175014.06,9.0049628000861919,33300255.037999999,179.53154309999999,0,1
284264110.06,9.00778608195807,33419018.451000001,179.51575348,0,1
284353206.06,9.0106093638299498,33539585.837000001,179.49971525999999,0,1
284531398.06,9.016255927573706,33781900.223999999,179.46745686,0,1
284709590.06,9.0219024913174639,34026773.012999997,179.43482495000001,0,1
284887782.06,9.0275490550612218,34273179.142999999,179.40195543999999,0,1
285244166.06,9.0388421825487359,34765270.850000001,179.33621321999999,0,1
285600550.06,9.0501353100362518,35257184.443000004,179.27036336,0,1
285956934.06,9.0614284375237659,35743615.092,179.20511891999999,0,1
286669702.06,9.0840146924987959,36649748.387000002,179.08324167999999,0,1
287026086.06,9.09530781998631,37085136.995999999,179.02452536999999,0,1
287738854.06,9.11789407496134,37850701.623999998,178.92103863,0,1
289164390.06,9.1630665849113999,38984633.715999998,178.76719320000001,0,1
290589926.06,9.2082390948614599,39807064.765000001,178.65519370000001,0,1
291907800,9.25,40367600.167999998,178.57866053000001,0,1
291930074,9.2507058204679691,40069968.519000001,178.56837515000001,0,1
291952348,9.2514116409359399,40066733.082000002,178.57119990000001,0,1
291974622,9.252117461403909,40063675.041000001,178.57223511999999,0,1
292019170,9.2535291023398489,40057733.965000004,178.57008961,0,1
292108266,9.256352384211727,40046392.126000002,178.55481705,0,1
292286458,9.261998947955485,40025267.894000001,178.49418374000001,0,1
292642842,9.273292075442999,39987277.758000001,178.29768190999999,0,1
292999226,9.2845852029305149,39952504.204000004,178.05268459000001,0,1
293711994,9.3071714579055449,39891418.419,177.47371278,0,1
295137530,9.3523439678556031,39788851.556999996,176.26938440000001,0,1
297988602,9.442688987755723,39622790.115999997,174.18441407,0,1
299797200,9.5,39528162.002999999,173.01465031999999,0,1
299797221.75,9.5000006892159092,39779118.616999999,150.95078126999999,0,1
299797243.5,9.5000013784318202,39805096.505000003,139.06793590999999,0,1
299797287.00999999,9.5000027571805212,39826624.331,130.22347525999999,0,1
299797374.01999998,9.5000055143610407,39844912.434,126.15308491,0,1
299797548.02999997,9.5000110284052006,39858053.873000003,125.07812499000001,0,1
299797896.06,9.5000220568104048,39866454.979999997,124.90694636000001,0,1
299798592.12,9.5000441136208078,39871832.517999999,124.87262816,0,1
299799288.19,9.5000661707480916,39874345.788000003,124.86002187,0,1
299799984.25,9.5000882275584964,39875730.120999999,124.85351024000001,0,1
299800680.31,9.5001102843688994,39876542.567000002,124.8499746,0,1
299802072.44,9.5001543983065879,39877079.443000004,124.84723821,0,1
299804856.69,9.5002426258650843,39876441.428000003,124.84591085,0,1
299810425.19,9.500419080982077,39872618.277999997,124.84596696,0,1
299821562.19,9.5007719912160624,39861615.968999997,124.84763246,0,1
299843836.19,9.5014778116840315,39835754.869999997,124.85199239000001,0,1
299888384.19,9.5028894526199714,39780135.457000002,124.86149712,0,1
299977480.19,9.5057127344918495,39665255.310000002,124.88115916,0,1
300155672.19,9.5113592982356074,39431669.697999999,124.92113516000001,0,1
300512056.19,9.5226524257231215,38959025.881999999,125.00197953,0,1
300690248.19,9.5282989894668795,38725077.523000002,125.04197274000001,0,1
301046632.19,9.5395921169543936,38253117.693999998,125.12260664999999,0,1
301759400.19,9.5621783719294235,37332979.838,125.27963011999999,0,1
302115784.19,9.5734714994169394,36887842.358000003,125.35550725,0,1
302828552.19,9.5960577543919694,36069078.524999999,125.4949234,0,1
304254088.19,9.6412302643420293,34806208.802000001,125.70958041,0,1
305679624.19,9.6864027742920875,33889446.428000003,125.86511597000001,0,1
307105160.19,9.7315752842421475,33239328.636,125.97526322,0,1
307686600,9.75,33013441.938000001,126.01350512,0,1
307722939.99000001,9.7511515447942809,32620402.399,126.01226306,0,1
307759279.98000002,9.7523030895885618,32622719.962000001,126.02082016999999,0,1
307795619.95999998,9.753454634065962,32625095.607000001,126.02827997999999,0,1
307868299.94,9.7557577236545239,32629658.208000001,126.04386289999999,0,1
308013659.88999999,9.7603639025147668,32638135.866999999,126.08427974,0,1
308304379.80000001,9.7695762605521335,32653095.706,126.19961083,0,1
308885819.61000001,9.788000976309986,32677718.662,126.51242678,0,1
310048699.24000001,9.8248504081425718,32715053.598000001,127.24096335,0,1
311211578.86000001,9.8616998396582769,32745018.477000002,127.97084537000001,0,1
313537338.11000001,9.935398703006566,32789047.454999998,129.23305948000001,0,1
315576000,10,32820160.498,130.17036895000001,0,1
